START TIME: Wed May 13 19:59:38 CEST 2026
[Wed May 13 19:59:40 CEST 2026] WANDB enabled.
CMD: torchrun --nproc-per-node 4 --nnodes 4 --rdzv_endpoint nid006127:25678 --rdzv_backend c10d --max_restarts 0 --tee 3 /users/course_00326/scratch/lsaie-ss26-gipfelsturm/Megatron-LM/pretrain_gpt.py     --transformer-impl transformer_engine --use-precision-aware-optimizer --main-grads-dtype bf16     --num-layers 60 --hidden-size 6144 --ffn-hidden-size 24576 --num-attention-heads 48 --group-query-attention --num-query-groups 8 --max-position-embeddings 4096 --position-embedding-type rope --normalization RMSNorm --swiglu --untie-embeddings-and-output-weights --seq-length 4096     --micro-batch-size 1 --global-batch-size 256 --train-iters 60 --log-interval 1 --eval-interval 60 --eval-iters 0 --cross-entropy-loss-fusion --disable-bias-linear --optimizer adam --dataloader-type single --no-check-for-nan-in-loss-and-grad --manual-gc --manual-gc-interval 50     --attention-dropout 0.0 --hidden-dropout 0.0 --weight-decay 0.1 --clip-grad 1.0 --adam-beta1 0.9 --adam-beta2 0.95     --lr 3e-4 --lr-decay-style constant --lr-warmup-iters 10     --seed 42 --init-method-std 0.02     --bf16     --tensor-model-parallel-size 4 --pipeline-model-parallel-size 4 --sequence-parallel --use-distributed-optimizer --overlap-grad-reduce --overlap-param-gather     --log-throughput --log-progress --tensorboard-dir /iopsstor/scratch/cscs/course_00326/gipfelsturm/gipfelsturm/throughput-32b-fit-32b-4n-tp4pp4-4n-tp4-pp4-mbs1/tensorboard --log-timers-to-tensorboard --log-memory-to-tensorboard     --tokenizer-type GPT2BPETokenizer --vocab-file /users/course_00326/scratch/lsaie-ss26-gipfelsturm/data/gpt2-vocab.json --merge-file /users/course_00326/scratch/lsaie-ss26-gipfelsturm/data/gpt2-merges.txt     --data-path /capstor/store/cscs/swissai/infra01/datasets/nvidia/Nemotron-ClimbMix/climbmix_small_megatron/climbmix_small --data-cache-path /iopsstor/scratch/cscs/course_00326/gipfelsturm/cache --split 99,1,0 --num-workers 1              --wandb-save-dir /iopsstor/scratch/cscs/course_00326/gipfelsturm/gipfelsturm/throughput-32b-fit-32b-4n-tp4pp4-4n-tp4-pp4-mbs1         --wandb-project gipfelsturm         --wandb-exp-name throughput-32b-fit-32b-4n-tp4pp4-4n-tp4-pp4-mbs1-2178934
0: [default0]:/usr/local/lib/python3.12/dist-packages/torch/library.py:357: UserWarning: Warning only once for all operators,  other operators may also be overridden.
0: [default0]:  Overriding a previously registered kernel for the same operator and the same dispatch key
0: [default0]:  operator: flash_attn::_flash_attn_backward(Tensor dout, Tensor q, Tensor k, Tensor v, Tensor out, Tensor softmax_lse, Tensor(a6!)? dq, Tensor(a7!)? dk, Tensor(a8!)? dv, float dropout_p, float softmax_scale, bool causal, SymInt window_size_left, SymInt window_size_right, float softcap, Tensor? alibi_slopes, bool deterministic, Tensor? rng_state=None) -> Tensor
0: [default0]:    registered at /usr/local/lib/python3.12/dist-packages/torch/_library/custom_ops.py:926
0: [default0]:  dispatch key: ADInplaceOrView
0: [default0]:  previous kernel: no debug info
0: [default0]:       new kernel: registered at /usr/local/lib/python3.12/dist-packages/torch/_library/custom_ops.py:926 (Triggered internally at /opt/pytorch/pytorch/aten/src/ATen/core/dispatch/Op
0: eratorEntry.cpp:208.)
0: [default0]:  self.m.impl(
2: [default0]:[Gloo] Rank 0 is connected to 0 peer ranks. Expected number of connected peer ranks is : 0
2: [default0]:[Gloo] Rank 0 is connected to 0 peer ranks. Expected number of connected peer ranks is : 0
2: [default0]:[Gloo] Rank 0 is connected to 0 peer ranks. Expected number of connected peer ranks is : 0
2: [default3]:[Gloo] Rank 0 is connected to 0 peer ranks. Expected number of connected peer ranks is : 0
2: [default0]:[W513 20:00:15.372714644 ProcessGroupNCCL.cpp:941] Warning: TORCH_NCCL_AVOID_RECORD_STREAMS is the default now, this environment variable is thus deprecated. (function operator())
2: [default0]:[rank8]:[W513 20:00:15.424517404 ProcessGroupNCCL.cpp:5163] Guessing device ID based on global rank. This can cause a hang if rank to GPU mapping is heterogeneous. You can specify device_id in init_process_group()
2: [default3]:[Gloo] Rank 0 is connected to 0 peer ranks. Expected number of connected peer ranks is : 0
2: [default3]:[Gloo] Rank 0 is connected to 0 peer ranks. Expected number of connected peer ranks is : 0
2: [default1]:[W513 20:00:15.372714900 ProcessGroupNCCL.cpp:941] Warning: TORCH_NCCL_AVOID_RECORD_STREAMS is the default now, this environment variable is thus deprecated. (function operator())
2: [default3]:[W513 20:00:15.372715764 ProcessGroupNCCL.cpp:941] Warning: TORCH_NCCL_AVOID_RECORD_STREAMS is the default now, this environment variable is thus deprecated. (function operator())
2: [default2]:[W513 20:00:15.372714932 ProcessGroupNCCL.cpp:941] Warning: TORCH_NCCL_AVOID_RECORD_STREAMS is the default now, this environment variable is thus deprecated. (function operator())
1: [default2]:[Gloo] Rank 0 is connected to 0 peer ranks. Expected number of connected peer ranks is : 0
1: [default2]:[Gloo] Rank 0 is connected to 0 peer ranks. Expected number of connected peer ranks is : 0
1: [default0]:[Gloo] Rank 0 is connected to 0 peer ranks. Expected number of connected peer ranks is : 0
1: [default0]:[Gloo] Rank 0 is connected to 0 peer ranks. Expected number of connected peer ranks is : 0
1: [default0]:[W513 20:00:17.363720809 ProcessGroupNCCL.cpp:941] Warning: TORCH_NCCL_AVOID_RECORD_STREAMS is the default now, this environment variable is thus deprecated. (function operator())
1: [default2]:[W513 20:00:17.359412835 ProcessGroupNCCL.cpp:941] Warning: TORCH_NCCL_AVOID_RECORD_STREAMS is the default now, this environment variable is thus deprecated. (function operator())
1: [default1]:[W513 20:00:17.359412899 ProcessGroupNCCL.cpp:941] Warning: TORCH_NCCL_AVOID_RECORD_STREAMS is the default now, this environment variable is thus deprecated. (function operator())
1: [default2]:[Gloo] Rank 0 is connected to 0 peer ranks. Expected number of connected peer ranks is : 0
1: [default0]:[Gloo] Rank 0 is connected to 0 peer ranks. Expected number of connected peer ranks is : 0
1: [default0]:[rank4]:[W513 20:00:17.397213746 ProcessGroupNCCL.cpp:5163] Guessing device ID based on global rank. This can cause a hang if rank to GPU mapping is heterogeneous. You can specify device_id in init_process_group()
3: [default3]:> setting tensorboard ...
3: [default3]:wandb: [wandb.login()] Loaded credentials for https://api.wandb.ai from WANDB_API_KEY.
3: [default1]:[W513 20:00:18.920360056 ProcessGroupNCCL.cpp:941] Warning: TORCH_NCCL_AVOID_RECORD_STREAMS is the default now, this environment variable is thus deprecated. (function operator())
3: [default2]:[Gloo] Rank 0 is connected to 0 peer ranks. Expected number of connected peer ranks is : 0
3: [default2]:[Gloo] Rank 0 is connected to 0 peer ranks. Expected number of connected peer ranks is : 0
3: [default2]:[Gloo] Rank 0 is connected to 0 peer ranks. Expected number of connected peer ranks is : 0
3: [default1]:[Gloo] Rank 0 is connected to 0 peer ranks. Expected number of connected peer ranks is : 0
3: [default1]:[Gloo] Rank 0 is connected to 0 peer ranks. Expected number of connected peer ranks is : 0
3: [default1]:[Gloo] Rank 0 is connected to 0 peer ranks. Expected number of connected peer ranks is : 0
3: [default2]:[W513 20:00:18.921345879 ProcessGroupNCCL.cpp:941] Warning: TORCH_NCCL_AVOID_RECORD_STREAMS is the default now, this environment variable is thus deprecated. (function operator())
3: [default3]:wandb: Currently logged in as: osolmazgs (osolmazgs-eth-zurich) to https://api.wandb.ai. Use `wandb login --relogin` to force relogin
3: [default3]:wandb: setting up run 4te331br
3: [default3]:wandb: Tracking run with wandb version 0.25.0
3: [default3]:wandb: Run data is saved locally in /iopsstor/scratch/cscs/course_00326/gipfelsturm/gipfelsturm/throughput-32b-fit-32b-4n-tp4pp4-4n-tp4-pp4-mbs1/wandb/run-20260513_200018-4te331br
3: [default3]:wandb: Run `wandb offline` to turn off syncing.
3: [default3]:wandb: Syncing run throughput-32b-fit-32b-4n-tp4pp4-4n-tp4-pp4-mbs1-2178934
3: [default3]:wandb: ⭐️ View project at https://wandb.ai/osolmazgs-eth-zurich/gipfelsturm
3: [default3]:wandb: 🚀 View run at https://wandb.ai/osolmazgs-eth-zurich/gipfelsturm/runs/4te331br
3: [default3]:WARNING: one_logger package is required to enable e2e metrics tracking. please go to https://confluence.nvidia.com/display/MLWFO/Package+Repositories for details to install it
3: [default3]:[W513 20:00:19.617821055 ProcessGroupNCCL.cpp:941] Warning: TORCH_NCCL_AVOID_RECORD_STREAMS is the default now, this environment variable is thus deprecated. (function operator())
3: [default3]:[Gloo] Rank 0 is connected to 0 peer ranks. Expected number of connected peer ranks is : 0
3: [default3]:[Gloo] Rank 0 is connected to 0 peer ranks. Expected number of connected peer ranks is : 0
3: [default3]:[Gloo] Rank 0 is connected to 0 peer ranks. Expected number of connected peer ranks is : 0
2: [default1]:[Gloo] Rank 0 is connected to 0 peer ranks. Expected number of connected peer ranks is : 0
2: [default1]:[Gloo] Rank 0 is connected to 0 peer ranks. Expected number of connected peer ranks is : 0
2: [default1]:[Gloo] Rank 0 is connected to 0 peer ranks. Expected number of connected peer ranks is : 0
2: [default2]:[Gloo] Rank 0 is connected to 0 peer ranks. Expected number of connected peer ranks is : 0
2: [default2]:[Gloo] Rank 0 is connected to 0 peer ranks. Expected number of connected peer ranks is : 0
2: [default2]:[Gloo] Rank 0 is connected to 0 peer ranks. Expected number of connected peer ranks is : 0
0: [default0]:using world size: 16, data-parallel size: 1, context-parallel size: 1, hierarchical context-parallel sizes: None, tensor-model-parallel size: 4, pipeline-model-parallel size: 4
0: [default0]:WARNING: Setting args.overlap_p2p_comm and args.align_param_gather to False since non-interleaved schedule does not support overlapping p2p communication and aligned param AG
0: [default0]:Number of virtual stages per pipeline stage: None
0: [default0]:using torch.bfloat16 for parameters ...
0: [default0]:/iopsstor/scratch/cscs/course_00326/lsaie-ss26-gipfelsturm/Megatron-LM/megatron/training/utils.py:411: UserWarning: Overriding default arguments for tokenizer_type:GPT2BPETokenizer with tokenizer_type:GPT2BPETokenizer
0: [default0]:  warnings.warn(message)
0: [default0]:------------------------ arguments ------------------------
0: [default0]:  account_for_embedding_in_pipeline_split ......... False
0: [default0]:  account_for_loss_in_pipeline_split .............. False
0: [default0]:  accumulate_allreduce_grads_in_fp32 .............. False
0: [default0]:  activation_func_clamp_value ..................... None
0: [default0]:  adam_beta1 ...................................... 0.9
0: [default0]:  adam_beta2 ...................................... 0.95
0: [default0]:  adam_eps ........................................ 1e-08
0: [default0]:  add_bias_linear ................................. False
0: [default0]:  add_position_embedding .......................... True
0: [default0]:  add_qkv_bias .................................... False
0: [default0]:  adlr_autoresume ................................. False
0: [default0]:  adlr_autoresume_interval ........................ 1000
0: [default0]:  align_grad_reduce ............................... True
0: [default0]:  align_param_gather .............................. False
0: [default0]:  allow_ambiguous_pad_tokens ...................... False
0: [default0]:  app_tag_run_name ................................ None
0: [default0]:  app_tag_run_version ............................. 0.0.0
0: [default0]:  apply_query_key_layer_scaling ................... False
0: [default0]:  apply_residual_connection_post_layernorm ........ False
0: [default0]:  apply_rope_fusion ............................... True
0: [default0]:  apply_wd_to_qk_layernorm ........................ False
0: [default0]:  async_save ...................................... False
0: [default0]:  async_tensor_model_parallel_allreduce ........... True
0: [default0]:  attention_backend ............................... AttnBackend.auto
0: [default0]:  attention_dropout ............................... 0.0
0: [default0]:  attention_output_gate ........................... False
0: [default0]:  attention_softmax_in_fp32 ....................... False
0: [default0]:  auto_detect_ckpt_format ......................... False
0: [default0]:  barrier_with_L1_time ............................ True
0: [default0]:  batch_invariant_mode ............................ False
0: [default0]:  bert_binary_head ................................ True
0: [default0]:  bert_embedder_type .............................. megatron
0: [default0]:  bert_load ....................................... None
0: [default0]:  bf16 ............................................ True
0: [default0]:  bias_dropout_fusion ............................. True
0: [default0]:  bias_gelu_fusion ................................ False
0: [default0]:  bias_swiglu_fusion .............................. True
0: [default0]:  biencoder_projection_dim ........................ 0
0: [default0]:  biencoder_shared_query_context_model ............ False
0: [default0]:  block_data_path ................................. None
0: [default0]:  cache_mla_latents ............................... False
0: [default0]:  calc_ft_timeouts ................................ False
0: [default0]:  calculate_per_token_loss ........................ False
0: [default0]:  check_for_large_grads ........................... False
0: [default0]:  check_for_nan_in_loss_and_grad .................. False
0: [default0]:  check_for_spiky_loss ............................ False
0: [default0]:  check_weight_hash_across_dp_replicas_interval ... None
0: [default0]:  ckpt_assume_constant_structure .................. False
0: [default0]:  ckpt_convert_format ............................. None
0: [default0]:  ckpt_convert_save ............................... None
0: [default0]:  ckpt_convert_update_legacy_dist_opt_format ...... False
0: [default0]:  ckpt_format ..................................... torch_dist
0: [default0]:  ckpt_fully_parallel_load ........................ False
0: [default0]:  ckpt_fully_parallel_save ........................ True
0: [default0]:  ckpt_fully_parallel_save_deprecated ............. False
0: [default0]:  ckpt_step ....................................... None
0: [default0]:  classes_fraction ................................ 1.0
0: [default0]:  clip_grad ....................................... 1.0
0: [default0]:  clone_scatter_output_in_embedding ............... True
0: [default0]:  config_logger_dir ............................... 
0: [default0]:  consumed_train_samples .......................... 0
0: [default0]:  consumed_valid_samples .......................... 0
0: [default0]:  context_parallel_size ........................... 1
0: [default0]:  cp_comm_type .................................... ['p2p']
0: [default0]:  cpu_offloading_num_layers ....................... 0
0: [default0]:  create_all_gather_group ......................... False
0: [default0]:  create_attention_mask_in_dataloader ............. True
0: [default0]:  cross_entropy_fusion_impl ....................... native
0: [default0]:  cross_entropy_loss_fusion ....................... True
0: [default0]:  cuda_graph_impl ................................. none
0: [default0]:  cuda_graph_scope ................................ []
0: [default0]:  cuda_graph_warmup_steps ......................... 3
0: [default0]:  data_args_path .................................. None
0: [default0]:  data_cache_path ................................. /iopsstor/scratch/cscs/course_00326/gipfelsturm/cache
0: [default0]:  data_parallel_random_init ....................... False
0: [default0]:  data_parallel_sharding_strategy ................. no_shard
0: [default0]:  data_parallel_size .............................. 1
0: [default0]:  data_path ....................................... ['/capstor/store/cscs/swissai/infra01/datasets/nvidia/Nemotron-ClimbMix/climbmix_small_megatron/climbmix_small']
0: [default0]:  data_per_class_fraction ......................... 1.0
0: [default0]:  data_sharding ................................... True
0: [default0]:  dataloader_defer_npy_index_mmap ................. False
0: [default0]:  dataloader_fast_cache_load ...................... False
0: [default0]:  dataloader_type ................................. single
0: [default0]:  ddp_average_in_collective ....................... False
0: [default0]:  ddp_bucket_size ................................. None
0: [default0]:  ddp_num_buckets ................................. None
0: [default0]:  ddp_pad_buckets_for_high_nccl_busbw ............. False
0: [default0]:  ddp_reduce_scatter_with_fp32_accumulation ....... False
0: [default0]:  decode_only_cuda_graphs ......................... False
0: [default0]:  decoder_first_pipeline_num_layers ............... None
0: [default0]:  decoder_last_pipeline_num_layers ................ None
0: [default0]:  decoder_num_layers .............................. None
0: [default0]:  decoder_seq_length .............................. None
0: [default0]:  decoupled_lr .................................... None
0: [default0]:  decoupled_min_lr ................................ None
0: [default0]:  decrease_batch_size_if_needed ................... False
0: [default0]:  defer_embedding_wgrad_compute ................... False
0: [default0]:  delay_wgrad_compute ............................. False
0: [default0]:  deprecated_use_mcore_models ..................... False
0: [default0]:  deterministic_mode .............................. False
0: [default0]:  dino_bottleneck_size ............................ 256
0: [default0]:  dino_freeze_last_layer .......................... 1
0: [default0]:  dino_head_hidden_size ........................... 2048
0: [default0]:  dino_local_crops_number ......................... 10
0: [default0]:  dino_local_img_size ............................. 96
0: [default0]:  dino_norm_last_layer ............................ False
0: [default0]:  dino_teacher_temp ............................... 0.07
0: [default0]:  dino_warmup_teacher_temp ........................ 0.04
0: [default0]:  dino_warmup_teacher_temp_epochs ................. 30
0: [default0]:  disable_bf16_reduced_precision_matmul ........... False
0: [default0]:  disable_chunked_prefill ......................... True
0: [default0]:  disable_jit_fuser ............................... False
0: [default0]:  disable_straggler_on_startup .................... False
0: [default0]:  disable_symmetric_registration .................. False
0: [default0]:  dist_ckpt_format_deprecated ..................... None
0: [default0]:  dist_ckpt_optim_fully_reshardable ............... False
0: [default0]:  dist_ckpt_save_pre_mcore_014 .................... False
0: [default0]:  dist_ckpt_strictness ............................ assume_ok_unexpected
0: [default0]:  distrib_optim_fully_reshardable_mem_efficient ... False
0: [default0]:  distribute_saved_activations .................... False
0: [default0]:  distributed_backend ............................. nccl
0: [default0]:  distributed_timeout_minutes ..................... 10
0: [default0]:  distributed_timeout_seconds_after_init .......... None
0: [default0]:  dsa_indexer_head_dim ............................ None
0: [default0]:  dsa_indexer_loss_coeff .......................... None
0: [default0]:  dsa_indexer_n_heads ............................. None
0: [default0]:  dsa_indexer_topk ................................ None
0: [default0]:  dsa_indexer_use_sparse_loss ..................... False
0: [default0]:  dump_param_to_param_group_map ................... None
0: [default0]:  embedding_init_method_std ....................... None
0: [default0]:  embedding_path .................................. None
0: [default0]:  empty_unused_memory_level ....................... 0
0: [default0]:  enable_cuda_graph ............................... False
0: [default0]:  enable_experimental ............................. False
0: [default0]:  enable_ft_package ............................... False
0: [default0]:  enable_full_sharding_in_hsdp .................... False
0: [default0]:  enable_gloo_process_groups ...................... True
0: [default0]:  enable_gpt_oss .................................. False
0: [default0]:  enable_msc ...................................... True
0: [default0]:  enable_one_logger ............................... True
0: [default0]:  encoder_num_layers .............................. 60
0: [default0]:  encoder_seq_length .............................. 4096
0: [default0]:  end_weight_decay ................................ 0.1
0: [default0]:  eod_mask_loss ................................... False
0: [default0]:  ep_overlap_early_attn_memory_release ............ False
0: [default0]:  error_injection_rate ............................ 0
0: [default0]:  error_injection_type ............................ transient_error
0: [default0]:  eval_interval ................................... 60
0: [default0]:  eval_iters ...................................... 0
0: [default0]:  evidence_data_path .............................. None
0: [default0]:  exit_duration_in_mins ........................... None
0: [default0]:  exit_interval ................................... None
0: [default0]:  exit_on_missing_checkpoint ...................... False
0: [default0]:  exit_signal ..................................... 15
0: [default0]:  exit_signal_handler ............................. False
0: [default0]:  exit_signal_handler_for_dataloader .............. False
0: [default0]:  exp_avg_dtype ................................... torch.float32
0: [default0]:  exp_avg_sq_dtype ................................ torch.float32
0: [default0]:  experimental_attention_variant .................. None
0: [default0]:  expert_model_parallel_size ...................... 1
0: [default0]:  expert_tensor_parallel_size ..................... 4
0: [default0]:  export_force_local_attention .................... False
0: [default0]:  export_kd_cfg ................................... None
0: [default0]:  export_kd_teacher_ckpt_format ................... None
0: [default0]:  export_kd_teacher_load .......................... None
0: [default0]:  export_kd_teacher_model_config .................. None
0: [default0]:  export_kv_cache_quant ........................... none
0: [default0]:  export_legacy_megatron .......................... False
0: [default0]:  export_model_type ............................... GPTModel
0: [default0]:  export_moe_apply_probs_on_input ................. False
0: [default0]:  export_offline_model ............................ False
0: [default0]:  export_qk_l2_norm ............................... False
0: [default0]:  export_quant_cfg ................................ None
0: [default0]:  export_real_quant_cfg ........................... None
0: [default0]:  export_te_mcore_model ........................... False
0: [default0]:  external_cuda_graph ............................. False
0: [default0]:  fake_process_group .............................. False
0: [default0]:  ffn_hidden_size ................................. 24576
0: [default0]:  fim_data ........................................ False
0: [default0]:  fim_eod_token ................................... <|endoftext|>
0: [default0]:  fim_fragment_rate ............................... None
0: [default0]:  fim_middle_token ................................ <fim_middle>
0: [default0]:  fim_no_prefix ................................... None
0: [default0]:  fim_pad_token ................................... <fim_pad>
0: [default0]:  fim_prefix_token ................................ <fim_prefix>
0: [default0]:  fim_rate ........................................ 0.5
0: [default0]:  fim_split_sample ................................ None
0: [default0]:  fim_spm_rate .................................... 0.5
0: [default0]:  fim_suffix_token ................................ <fim_suffix>
0: [default0]:  fine_grained_activation_offloading .............. False
0: [default0]:  finetune ........................................ False
0: [default0]:  finetune_data_split ............................. train
0: [default0]:  finetune_hf_dataset ............................. None
0: [default0]:  first_last_layers_bf16 .......................... False
0: [default0]:  flash_decode .................................... False
0: [default0]:  fp16 ............................................ False
0: [default0]:  fp16_lm_cross_entropy ........................... False
0: [default0]:  fp32_residual_connection ........................ False
0: [default0]:  fp4 ............................................. None
0: [default0]:  fp4_param ....................................... False
0: [default0]:  fp4_quantizer_factory ........................... None
0: [default0]:  fp4_recipe ...................................... nvfp4
0: [default0]:  fp8 ............................................. None
0: [default0]:  fp8_amax_compute_algo ........................... most_recent
0: [default0]:  fp8_amax_history_len ............................ 1
0: [default0]:  fp8_interval .................................... 1
0: [default0]:  fp8_margin ...................................... 0
0: [default0]:  fp8_param_gather ................................ False
0: [default0]:  fp8_quantizer_factory ........................... None
0: [default0]:  fp8_recipe ...................................... delayed
0: [default0]:  fp8_wgrad ....................................... True
0: [default0]:  fsdp_double_buffer .............................. False
0: [default0]:  fsdp_manual_registration ........................ False
0: [default0]:  ft_num_warmup_iters ............................. 5
0: [default0]:  full_validation ................................. False
0: [default0]:  global_batch_size ............................... 256
0: [default0]:  glu_linear_offset ............................... 0.0
0: [default0]:  grad_reduce_in_bf16 ............................. False
0: [default0]:  gradient_accumulation_fusion .................... True
0: [default0]:  gradient_reduce_div_fusion ...................... True
0: [default0]:  group_query_attention ........................... True
0: [default0]:  grpo_clamp_eps_lower ............................ 0.01
0: [default0]:  grpo_clamp_eps_upper ............................ 0.01
0: [default0]:  grpo_entropy_term_weight ........................ 0.0
0: [default0]:  grpo_filter_groups_with_same_reward ............. False
0: [default0]:  grpo_group_size ................................. 2
0: [default0]:  grpo_iterations ................................. 2
0: [default0]:  grpo_kl_beta .................................... 0.001
0: [default0]:  grpo_prompts_per_step ........................... 32
0: [default0]:  head_lr_mult .................................... 1.0
0: [default0]:  heterogeneous_layers_config_encoded_json ........ None
0: [default0]:  heterogeneous_layers_config_path ................ None
0: [default0]:  hidden_dropout .................................. 0.0
0: [default0]:  hidden_size ..................................... 6144
0: [default0]:  hierarchical_context_parallel_sizes ............. None
0: [default0]:  high_priority_stream_groups ..................... []
0: [default0]:  hybrid_attention_ratio .......................... 0.0
0: [default0]:  hybrid_context_parallel ......................... False
0: [default0]:  hybrid_mlp_ratio ................................ 0.0
0: [default0]:  hybrid_override_pattern ......................... None
0: [default0]:  hysteresis ...................................... 2
0: [default0]:  ict_head_size ................................... None
0: [default0]:  ict_load ........................................ None
0: [default0]:  img_h ........................................... 224
0: [default0]:  img_w ........................................... 224
0: [default0]:  indexer_batch_size .............................. 128
0: [default0]:  indexer_log_interval ............................ 1000
0: [default0]:  inference_batch_times_seqlen_threshold .......... -1
0: [default0]:  inference_coordinator_port ...................... 12346
0: [default0]:  inference_dynamic_batching ...................... False
0: [default0]:  inference_dynamic_batching_block_size ........... 256
0: [default0]:  inference_dynamic_batching_buffer_size_gb ....... 40.0
0: [default0]:  inference_dynamic_batching_cuda_graph_max_tokens  16384
0: [default0]:  inference_dynamic_batching_cuda_graph_mixed_prefill_count  16
0: [default0]:  inference_dynamic_batching_max_requests ......... None
0: [default0]:  inference_dynamic_batching_max_tokens ........... None
0: [default0]:  inference_dynamic_batching_num_cuda_graphs ...... 16
0: [default0]:  inference_dynamic_batching_paused_buffer_size_gb  None
0: [default0]:  inference_dynamic_batching_track_paused_request_events  False
0: [default0]:  inference_dynamic_batching_unified_memory_level . 0
0: [default0]:  inference_fuse_tp_communication ................. False
0: [default0]:  inference_logging_step_interval ................. 0
0: [default0]:  inference_max_batch_size ........................ 8
0: [default0]:  inference_max_seq_length ........................ 2560
0: [default0]:  inference_rng_tracker ........................... False
0: [default0]:  inference_wandb_logging ......................... False
0: [default0]:  init_method_std ................................. 0.02
0: [default0]:  init_method_xavier_uniform ...................... False
0: [default0]:  init_model_with_meta_device ..................... False
0: [default0]:  initial_loss_scale .............................. 4294967296
0: [default0]:  inprocess_active_world_size ..................... 16
0: [default0]:  inprocess_barrier_timeout ....................... 120
0: [default0]:  inprocess_completion_timeout .................... 120
0: [default0]:  inprocess_empty_cuda_cache ...................... False
0: [default0]:  inprocess_granularity ........................... node
0: [default0]:  inprocess_hard_timeout .......................... 90
0: [default0]:  inprocess_heartbeat_interval .................... 30
0: [default0]:  inprocess_heartbeat_timeout ..................... 60
0: [default0]:  inprocess_last_call_wait ........................ 1
0: [default0]:  inprocess_max_iterations ........................ None
0: [default0]:  inprocess_monitor_process_interval .............. 1.0
0: [default0]:  inprocess_monitor_thread_interval ............... 1.0
0: [default0]:  inprocess_progress_watchdog_interval ............ 1.0
0: [default0]:  inprocess_restart ............................... False
0: [default0]:  inprocess_soft_timeout .......................... 60
0: [default0]:  inprocess_termination_grace_time ................ 1
0: [default0]:  is_hybrid_model ................................. False
0: [default0]:  iter_per_epoch .................................. 1250
0: [default0]:  iterations_to_skip .............................. []
0: [default0]:  keep_fp8_transpose_cache ........................ False
0: [default0]:  kitchen_attention_backend ....................... sdpa
0: [default0]:  kv_channels ..................................... 128
0: [default0]:  kv_lora_rank .................................... 32
0: [default0]:  langrl_env_config ............................... None
0: [default0]:  langrl_external_server .......................... False
0: [default0]:  langrl_inference_server_conversation_template ... None
0: [default0]:  langrl_inference_server_type .................... inplace_megatron
0: [default0]:  layernorm_epsilon ............................... 1e-05
0: [default0]:  layernorm_zero_centered_gamma ................... False
0: [default0]:  lazy_mpu_init ................................... None
0: [default0]:  legacy_tokenizer ................................ False
0: [default0]:  linear_attention_freq ........................... None
0: [default0]:  linear_conv_kernel_dim .......................... 4
0: [default0]:  linear_key_head_dim ............................. 128
0: [default0]:  linear_num_key_heads ............................ 16
0: [default0]:  linear_num_value_heads .......................... 32
0: [default0]:  linear_value_head_dim ........................... 128
0: [default0]:  load ............................................ None
0: [default0]:  load_main_params_from_ckpt ...................... False
0: [default0]:  local_rank ...................................... 0
0: [default0]:  log_device_memory_used .......................... False
0: [default0]:  log_energy ...................................... False
0: [default0]:  log_interval .................................... 1
0: [default0]:  log_loss_scale_to_tensorboard ................... True
0: [default0]:  log_max_attention_logit ......................... False
0: [default0]:  log_memory_interval ............................. None
0: [default0]:  log_memory_to_tensorboard ....................... True
0: [default0]:  log_num_zeros_in_grad ........................... False
0: [default0]:  log_params_norm ................................. False
0: [default0]:  log_progress .................................... True
0: [default0]:  log_straggler ................................... False
0: [default0]:  log_throughput .................................. True
0: [default0]:  log_timers_to_tensorboard ....................... True
0: [default0]:  log_validation_ppl_to_tensorboard ............... False
0: [default0]:  log_world_size_to_tensorboard ................... False
0: [default0]:  logging_level ................................... None
0: [default0]:  loss_scale ...................................... None
0: [default0]:  loss_scale_window ............................... 1000
0: [default0]:  lr .............................................. 0.0003
0: [default0]:  lr_decay_iters .................................. None
0: [default0]:  lr_decay_samples ................................ None
0: [default0]:  lr_decay_style .................................. constant
0: [default0]:  lr_warmup_fraction .............................. None
0: [default0]:  lr_warmup_init .................................. 0.0
0: [default0]:  lr_warmup_iters ................................. 10
0: [default0]:  lr_warmup_samples ............................... 0
0: [default0]:  lr_wsd_decay_iters .............................. None
0: [default0]:  lr_wsd_decay_samples ............................ None
0: [default0]:  lr_wsd_decay_style .............................. exponential
0: [default0]:  main_grads_dtype ................................ torch.bfloat16
0: [default0]:  main_params_dtype ............................... torch.float32
0: [default0]:  make_vocab_size_divisible_by .................... 128
0: [default0]:  mamba_head_dim .................................. 64
0: [default0]:  mamba_num_groups ................................ 8
0: [default0]:  mamba_num_heads ................................. None
0: [default0]:  mamba_state_dim ................................. 128
0: [default0]:  manual_gc ....................................... True
0: [default0]:  manual_gc_eval .................................. True
0: [default0]:  manual_gc_interval .............................. 50
0: [default0]:  mask_factor ..................................... 1.0
0: [default0]:  mask_prob ....................................... 0.15
0: [default0]:  mask_type ....................................... random
0: [default0]:  masked_softmax_fusion ........................... True
0: [default0]:  max_position_embeddings ......................... 4096
0: [default0]:  max_seqlen_per_dp_cp_rank ....................... None
0: [default0]:  max_tokens_to_oom ............................... 12000
0: [default0]:  memory_snapshot_path ............................ snapshot.pickle
0: [default0]:  merge_file ...................................... /users/course_00326/scratch/lsaie-ss26-gipfelsturm/data/gpt2-merges.txt
0: [default0]:  micro_batch_size ................................ 1
0: [default0]:  microbatch_group_size_per_vp_stage .............. None
0: [default0]:  mid_level_dataset_surplus ....................... 0.005
0: [default0]:  min_loss_scale .................................. 1.0
0: [default0]:  min_lr .......................................... 0.0
0: [default0]:  min_offloaded_tensor_size ....................... 1048576
0: [default0]:  mlp_chunks_for_prefill .......................... 1
0: [default0]:  mmap_bin_files .................................. True
0: [default0]:  mock_data ....................................... False
0: [default0]:  modelopt_enabled ................................ False
0: [default0]:  moe_apply_probs_on_input ........................ False
0: [default0]:  moe_aux_loss_coeff .............................. 0.0
0: [default0]:  moe_deepep_num_sms .............................. 20
0: [default0]:  moe_enable_deepep ............................... False
0: [default0]:  moe_enable_routing_replay ....................... False
0: [default0]:  moe_expert_capacity_factor ...................... None
0: [default0]:  moe_extended_tp ................................. False
0: [default0]:  moe_ffn_hidden_size ............................. None
0: [default0]:  moe_flex_dispatcher_backend ..................... deepep
0: [default0]:  moe_grouped_gemm ................................ False
0: [default0]:  moe_hybridep_num_sms ............................ 16
0: [default0]:  moe_input_jitter_eps ............................ None
0: [default0]:  moe_latent_size ................................. None
0: [default0]:  moe_layer_freq .................................. 1
0: [default0]:  moe_layer_recompute ............................. False
0: [default0]:  moe_pad_expert_input_to_capacity ................ False
0: [default0]:  moe_pad_experts_for_cuda_graph_inference ........ False
0: [default0]:  moe_per_layer_logging ........................... False
0: [default0]:  moe_permute_fusion .............................. False
0: [default0]:  moe_router_bias_update_rate ..................... 0.001
0: [default0]:  moe_router_dtype ................................ None
0: [default0]:  moe_router_enable_expert_bias ................... False
0: [default0]:  moe_router_force_load_balancing ................. False
0: [default0]:  moe_router_fusion ............................... False
0: [default0]:  moe_router_group_topk ........................... None
0: [default0]:  moe_router_load_balancing_type .................. aux_loss
0: [default0]:  moe_router_num_groups ........................... None
0: [default0]:  moe_router_padding_for_fp8 ...................... False
0: [default0]:  moe_router_padding_for_quantization ............. False
0: [default0]:  moe_router_pre_softmax .......................... False
0: [default0]:  moe_router_score_function ....................... softmax
0: [default0]:  moe_router_topk ................................. 2
0: [default0]:  moe_router_topk_scaling_factor .................. None
0: [default0]:  moe_shared_expert_gate .......................... False
0: [default0]:  moe_shared_expert_intermediate_size ............. None
0: [default0]:  moe_shared_expert_overlap ....................... False
0: [default0]:  moe_token_dispatcher_type ....................... allgather
0: [default0]:  moe_token_drop_policy ........................... probs
0: [default0]:  moe_upcycling_granularity ....................... 1
0: [default0]:  moe_use_legacy_grouped_gemm ..................... False
0: [default0]:  moe_use_upcycling ............................... False
0: [default0]:  moe_z_loss_coeff ................................ None
0: [default0]:  mrope_section ................................... None
0: [default0]:  mscale .......................................... 1.0
0: [default0]:  mscale_all_dim .................................. 0.0
0: [default0]:  mtp_loss_scaling_factor ......................... 0.1
0: [default0]:  mtp_num_layers .................................. None
0: [default0]:  mtp_standalone .................................. False
0: [default0]:  multi_latent_attention .......................... False
0: [default0]:  multiple_validation_sets ........................ False
0: [default0]:  muon_extra_scale_factor ......................... 1.0
0: [default0]:  muon_fp32_matmul_prec ........................... medium
0: [default0]:  muon_momentum ................................... 0.9
0: [default0]:  muon_num_ns_steps ............................... 5
0: [default0]:  muon_scale_mode ................................. spectral
0: [default0]:  muon_split_qkv .................................. True
0: [default0]:  muon_tp_mode .................................... blockwise
0: [default0]:  muon_use_nesterov ............................... False
0: [default0]:  nccl_all_reduce_for_prefill ..................... False
0: [default0]:  nccl_communicator_config_path ................... None
0: [default0]:  nccl_ub ......................................... False
0: [default0]:  no_load_optim ................................... None
0: [default0]:  no_load_rng ..................................... None
0: [default0]:  no_persist_layer_norm ........................... False
0: [default0]:  no_rope_freq .................................... None
0: [default0]:  no_save_optim ................................... None
0: [default0]:  no_save_rng ..................................... None
0: [default0]:  no_weight_decay_cond_type ....................... None
0: [default0]:  non_persistent_ckpt_type ........................ None
0: [default0]:  non_persistent_global_ckpt_dir .................. None
0: [default0]:  non_persistent_local_ckpt_algo .................. fully_parallel
0: [default0]:  non_persistent_local_ckpt_dir ................... None
0: [default0]:  non_persistent_save_interval .................... None
0: [default0]:  normalization ................................... RMSNorm
0: [default0]:  num_attention_heads ............................. 48
0: [default0]:  num_channels .................................... 3
0: [default0]:  num_classes ..................................... 1000
0: [default0]:  num_dataset_builder_threads ..................... 1
0: [default0]:  num_distributed_optimizer_instances ............. 1
0: [default0]:  num_experts ..................................... None
0: [default0]:  num_layers ...................................... 60
0: [default0]:  num_layers_at_end_in_bf16 ....................... 1
0: [default0]:  num_layers_at_start_in_bf16 ..................... 1
0: [default0]:  num_layers_per_virtual_pipeline_stage ........... None
0: [default0]:  num_query_groups ................................ 8
0: [default0]:  num_virtual_stages_per_pipeline_rank ............ None
0: [default0]:  num_workers ..................................... 1
0: [default0]:  object_storage_cache_path ....................... None
0: [default0]:  offload_modules ................................. []
0: [default0]:  one_logger_async ................................ False
0: [default0]:  one_logger_project .............................. megatron-lm
0: [default0]:  one_logger_run_name ............................. None
0: [default0]:  onnx_safe ....................................... None
0: [default0]:  openai_gelu ..................................... False
0: [default0]:  optimizer ....................................... adam
0: [default0]:  optimizer_cpu_offload ........................... False
0: [default0]:  optimizer_offload_fraction ...................... 1.0
0: [default0]:  outer_dp_sharding_strategy ...................... no_shard
0: [default0]:  output_bert_embeddings .......................... False
0: [default0]:  overlap_cpu_optimizer_d2h_h2d ................... False
0: [default0]:  overlap_grad_reduce ............................. True
0: [default0]:  overlap_moe_expert_parallel_comm ................ False
0: [default0]:  overlap_p2p_comm ................................ False
0: [default0]:  overlap_p2p_comm_warmup_flush ................... False
0: [default0]:  overlap_param_gather ............................ True
0: [default0]:  overlap_param_gather_with_optimizer_step ........ False
0: [default0]:  override_opt_param_scheduler .................... False
0: [default0]:  padded_vocab_size ............................... None
0: [default0]:  params_dtype .................................... torch.bfloat16
0: [default0]:  patch_dim ....................................... 16
0: [default0]:  per_dataset_sequences_path ...................... None
0: [default0]:  per_split_data_args_path ........................ None
0: [default0]:  perform_initialization .......................... True
0: [default0]:  perform_rl_step ................................. False
0: [default0]:  phase_transition_iterations ..................... None
0: [default0]:  pin_cpu_grads ................................... True
0: [default0]:  pin_cpu_params .................................. True
0: [default0]:  pipeline_model_parallel_comm_backend ............ None
0: [default0]:  pipeline_model_parallel_layout .................. None
0: [default0]:  pipeline_model_parallel_size .................... 4
0: [default0]:  position_embedding_type ......................... rope
0: [default0]:  pretrained_checkpoint ........................... None
0: [default0]:  profile ......................................... False
0: [default0]:  profile_ranks ................................... [0]
0: [default0]:  profile_step_end ................................ 12
0: [default0]:  profile_step_start .............................. 10
0: [default0]:  q_lora_rank ..................................... None
0: [default0]:  qk_clip ......................................... False
0: [default0]:  qk_clip_alpha ................................... 0.5
0: [default0]:  qk_clip_threshold ............................... 100
0: [default0]:  qk_head_dim ..................................... 128
0: [default0]:  qk_l2_norm ...................................... False
0: [default0]:  qk_layernorm .................................... False
0: [default0]:  qk_pos_emb_head_dim ............................. 64
0: [default0]:  query_in_block_prob ............................. 0.1
0: [default0]:  quick_geglu ..................................... False
0: [default0]:  rampup_batch_size ............................... None
0: [default0]:  rank ............................................ 0
0: [default0]:  recompute_granularity ........................... None
0: [default0]:  recompute_method ................................ None
0: [default0]:  recompute_modules ............................... None
0: [default0]:  recompute_num_layers ............................ None
0: [default0]:  record_memory_history ........................... False
0: [default0]:  refit_method .................................... gloo
0: [default0]:  relative_attention_max_distance ................. 128
0: [default0]:  relative_attention_num_buckets .................. 32
0: [default0]:  replication ..................................... False
0: [default0]:  replication_factor .............................. 2
0: [default0]:  replication_jump ................................ None
0: [default0]:  rerun_mode ...................................... validate_results
0: [default0]:  reset_attention_mask ............................ False
0: [default0]:  reset_position_ids .............................. False
0: [default0]:  result_rejected_tracker_filename ................ None
0: [default0]:  retriever_report_topk_accuracies ................ []
0: [default0]:  retriever_score_scaling ......................... False
0: [default0]:  reuse_grad_buf_for_mxfp8_param_ag ............... False
0: [default0]:  rl_default_temperature .......................... 1.0
0: [default0]:  rl_default_top_k ................................ -1
0: [default0]:  rl_default_top_p ................................ 0
0: [default0]:  rl_importance_sampling_truncation_coef .......... None
0: [default0]:  rl_inference_expert_model_parallel_size ......... None
0: [default0]:  rl_inference_expert_tensor_model_parallel_size .. None
0: [default0]:  rl_inference_logprobs_is_correction ............. False
0: [default0]:  rl_inference_model_unified_memory_level ......... 0
0: [default0]:  rl_inference_pipeline_model_parallel_size ....... None
0: [default0]:  rl_inference_tensor_model_parallel_size ......... None
0: [default0]:  rl_offload_inference_model_weights_when_idle .... False
0: [default0]:  rl_offload_kv_cache_during_training ............. False
0: [default0]:  rl_offload_optimizer_during_inference ........... False
0: [default0]:  rl_parallel_generation_tasks .................... 512
0: [default0]:  rl_partial_rollouts ............................. False
0: [default0]:  rl_prompts_per_eval ............................. 32
0: [default0]:  rl_remove_kv_cache_during_training .............. False
0: [default0]:  rl_reset_cuda_graphs ............................ False
0: [default0]:  rl_sequence_packing_algo ........................ fifo
0: [default0]:  rl_sequence_packing_max_sequences_per_bin ....... 50
0: [default0]:  rl_skip_bos_token ............................... False
0: [default0]:  rl_training_cuda_graphs ......................... False
0: [default0]:  rl_use_sequence_packing ......................... False
0: [default0]:  rl_verify_model_weights_swap .................... False
0: [default0]:  rope_scaling_factor ............................. 8.0
0: [default0]:  rope_type ....................................... None
0: [default0]:  rotary_base ..................................... 10000
0: [default0]:  rotary_interleaved .............................. False
0: [default0]:  rotary_percent .................................. 1.0
0: [default0]:  rotary_scaling_factor ........................... 1.0
0: [default0]:  rotary_seq_len_interpolation_factor ............. None
0: [default0]:  run_workload_inspector_server ................... False
0: [default0]:  sample_rate ..................................... 1.0
0: [default0]:  save ............................................ None
0: [default0]:  save_dgrads_interval ............................ None
0: [default0]:  save_interval ................................... None
0: [default0]:  save_retain_interval ............................ None
0: [default0]:  save_wgrads_interval ............................ None
0: [default0]:  scatter_gather_tensors_in_pipeline .............. True
0: [default0]:  seed ............................................ 42
0: [default0]:  seq_length ...................................... 4096
0: [default0]:  sequence_parallel ............................... True
0: [default0]:  sft ............................................. False
0: [default0]:  sft_tokenizer_prompt_format ..................... nemotron-h-aligned
0: [default0]:  sgd_momentum .................................... 0.9
0: [default0]:  sharp_enabled_group ............................. None
0: [default0]:  short_seq_prob .................................. 0.1
0: [default0]:  skip_train ...................................... False
0: [default0]:  skipped_train_samples ........................... 0
0: [default0]:  softmax_type .................................... vanilla
0: [default0]:  spec ............................................ None
0: [default0]:  split ........................................... 99,1,0
0: [default0]:  squared_relu .................................... False
0: [default0]:  start_weight_decay .............................. 0.1
0: [default0]:  straggler_ctrlr_port ............................ 65535
0: [default0]:  straggler_minmax_count .......................... 1
0: [default0]:  strict_fsdp_dtensor_load ........................ True
0: [default0]:  suggested_communication_unit_size ............... None
0: [default0]:  swiglu .......................................... True
0: [default0]:  swin_backbone_type .............................. tiny
0: [default0]:  symmetric_ar_type ............................... None
0: [default0]:  te_precision_config_file ........................ None
0: [default0]:  te_rng_tracker .................................. False
0: [default0]:  tensor_model_parallel_size ...................... 4
0: [default0]:  tensorboard_dir ................................. /iopsstor/scratch/cscs/course_00326/gipfelsturm/gipfelsturm/throughput-32b-fit-32b-4n-tp4pp4-4n-tp4-pp4-mbs1/tensorboard
0: [default0]:  tensorboard_log_interval ........................ 1
0: [default0]:  tensorboard_queue_size .......................... 1000
0: [default0]:  test_data_path .................................. None
0: [default0]:  test_mode ....................................... False
0: [default0]:  tiktoken_num_special_tokens ..................... 1000
0: [default0]:  tiktoken_pattern ................................ None
0: [default0]:  tiktoken_special_tokens ......................... None
0: [default0]:  timing_log_level ................................ 0
0: [default0]:  timing_log_option ............................... minmax
0: [default0]:  titles_data_path ................................ None
0: [default0]:  tokenizer_hf_include_special_tokens ............. False
0: [default0]:  tokenizer_hf_use_fast ........................... False
0: [default0]:  tokenizer_metadata .............................. None
0: [default0]:  tokenizer_model ................................. None
0: [default0]:  tokenizer_sentencepiece_legacy .................. False
0: [default0]:  tokenizer_special_tokens ........................ None
0: [default0]:  tokenizer_type .................................. GPT2BPETokenizer
0: [default0]:  torch_fsdp2_reshard_after_forward ............... True
0: [default0]:  tp_comm_bootstrap_backend ....................... nccl
0: [default0]:  tp_comm_bulk_dgrad .............................. True
0: [default0]:  tp_comm_bulk_wgrad .............................. True
0: [default0]:  tp_comm_overlap ................................. False
0: [default0]:  tp_comm_overlap_ag .............................. True
0: [default0]:  tp_comm_overlap_cfg ............................. None
0: [default0]:  tp_comm_overlap_rs .............................. True
0: [default0]:  tp_comm_overlap_rs_dgrad ........................ False
0: [default0]:  tp_comm_split_ag ................................ True
0: [default0]:  tp_comm_split_rs ................................ True
0: [default0]:  train_data_path ................................. None
0: [default0]:  train_iters ..................................... 60
0: [default0]:  train_samples ................................... None
0: [default0]:  train_sync_interval ............................. None
0: [default0]:  transformer_impl ................................ transformer_engine
0: [default0]:  transformer_pipeline_model_parallel_size ........ 4
0: [default0]:  trust_remote_code ............................... False
0: [default0]:  untie_embeddings_and_output_weights ............. True
0: [default0]:  use_checkpoint_args ............................. False
0: [default0]:  use_checkpoint_opt_param_scheduler .............. False
0: [default0]:  use_cpu_initialization .......................... None
0: [default0]:  use_dist_ckpt ................................... True
0: [default0]:  use_dist_ckpt_deprecated ........................ False
0: [default0]:  use_distributed_optimizer ....................... True
0: [default0]:  use_flash_attn .................................. False
0: [default0]:  use_fused_weighted_squared_relu ................. False
0: [default0]:  use_kitchen_attention ........................... False
0: [default0]:  use_legacy_models ............................... False
0: [default0]:  use_legacy_static_engine ........................ False
0: [default0]:  use_mamba_mem_eff_path .......................... True
0: [default0]:  use_megatron_fsdp ............................... False
0: [default0]:  use_mp_args_from_checkpoint_args ................ False
0: [default0]:  use_one_sent_docs ............................... False
0: [default0]:  use_persistent_ckpt_worker ...................... False
0: [default0]:  use_precision_aware_optimizer ................... True
0: [default0]:  use_pytorch_profiler ............................ False
0: [default0]:  use_ring_exchange_p2p ........................... False
0: [default0]:  use_rope_scaling ................................ False
0: [default0]:  use_rotary_position_embeddings .................. False
0: [default0]:  use_sharp ....................................... False
0: [default0]:  use_te_activation_func .......................... False
0: [default0]:  use_tokenizer_model_from_checkpoint_args ........ True
0: [default0]:  use_torch_fsdp2 ................................. False
0: [default0]:  use_torch_optimizer_for_cpu_offload ............. False
0: [default0]:  use_tp_pp_dp_mapping ............................ False
0: [default0]:  v_head_dim ...................................... 128
0: [default0]:  valid_data_path ................................. None
0: [default0]:  variable_seq_lengths ............................ False
0: [default0]:  virtual_pipeline_model_parallel_size ............ None
0: [default0]:  vision_backbone_type ............................ vit
0: [default0]:  vision_pretraining .............................. False
0: [default0]:  vision_pretraining_type ......................... classify
0: [default0]:  vocab_extra_ids ................................. 0
0: [default0]:  vocab_file ...................................... /users/course_00326/scratch/lsaie-ss26-gipfelsturm/data/gpt2-vocab.json
0: [default0]:  vocab_size ...................................... None
0: [default0]:  wandb_entity .................................... None
0: [default0]:  wandb_exp_name .................................. throughput-32b-fit-32b-4n-tp4pp4-4n-tp4-pp4-mbs1-2178934
0: [default0]:  wandb_project ................................... gipfelsturm
0: [default0]:  wandb_save_dir .................................. /iopsstor/scratch/cscs/course_00326/gipfelsturm/gipfelsturm/throughput-32b-fit-32b-4n-tp4pp4-4n-tp4-pp4-mbs1
0: [default0]:  weight_decay .................................... 0.1
0: [default0]:  weight_decay_incr_style ......................... constant
0: [default0]:  wgrad_deferral_limit ............................ 0
0: [default0]:  window_attn_skip_freq ........................... None
0: [default0]:  window_size ..................................... None
0: [default0]:  world_size ...................................... 16
0: [default0]:  yaml_cfg ........................................ None
0: [default0]:-------------------- end of arguments ---------------------
0: [default0]:INFO:megatron.core.num_microbatches_calculator:setting number of microbatches to constant 256
0: [default0]:> building GPT2BPETokenizer tokenizer ...
0: [default0]:WARNING:megatron.core.datasets.megatron_tokenizer:You're using the legacy tokenizer system, which is deprecated and will be removed in a future release. Please migrate to the new tokenizer system (`megatron.core.tokenizers.MegatronTokenizer`).
0: [default0]: > padded vocab (size: 50257) with 431 dummy tokens (new size: 50688)
0: [default0]:WARNING:megatron.core.rerun_state_machine:RerunStateMachine initialized in mode RerunMode.VALIDATE_RESULTS
0: [default0]:> initializing torch distributed ...
0: [default3]:[Gloo] Rank 0 is connected to 0 peer ranks. Expected number of connected peer ranks is : 0
0: [default3]:[Gloo] Rank 0 is connected to 0 peer ranks. Expected number of connected peer ranks is : 0
0: [default3]:[Gloo] Rank 0 is connected to 0 peer ranks. Expected number of connected peer ranks is : 0
0: [default1]:[W513 20:00:21.648445169 ProcessGroupNCCL.cpp:941] Warning: TORCH_NCCL_AVOID_RECORD_STREAMS is the default now, this environment variable is thus deprecated. (function operator())
0: [default3]:[W513 20:00:21.646730148 ProcessGroupNCCL.cpp:941] Warning: TORCH_NCCL_AVOID_RECORD_STREAMS is the default now, this environment variable is thus deprecated. (function operator())
0: [default0]:[W513 20:00:21.641699676 ProcessGroupNCCL.cpp:941] Warning: TORCH_NCCL_AVOID_RECORD_STREAMS is the default now, this environment variable is thus deprecated. (function operator())
0: [default1]:[Gloo] Rank 0 is connected to 0 peer ranks. Expected number of connected peer ranks is : 0
0: [default1]:[Gloo] Rank 0 is connected to 0 peer ranks. Expected number of connected peer ranks is : 0
0: [default1]:[Gloo] Rank 0 is connected to 0 peer ranks. Expected number of connected peer ranks is : 0
0: [default2]:[W513 20:00:21.648450001 ProcessGroupNCCL.cpp:941] Warning: TORCH_NCCL_AVOID_RECORD_STREAMS is the default now, this environment variable is thus deprecated. (function operator())
1: [default1]:[Gloo] Rank 0 is connected to 0 peer ranks. Expected number of connected peer ranks is : 0
1: [default1]:[Gloo] Rank 0 is connected to 0 peer ranks. Expected number of connected peer ranks is : 0
1: [default3]:[Gloo] Rank 0 is connected to 0 peer ranks. Expected number of connected peer ranks is : 0
1: [default3]:[Gloo] Rank 0 is connected to 0 peer ranks. Expected number of connected peer ranks is : 0
1: [default3]:[W513 20:00:22.359390049 ProcessGroupNCCL.cpp:941] Warning: TORCH_NCCL_AVOID_RECORD_STREAMS is the default now, this environment variable is thus deprecated. (function operator())
1: [default1]:[Gloo] Rank 0 is connected to 0 peer ranks. Expected number of connected peer ranks is : 0
1: [default3]:[Gloo] Rank 0 is connected to 0 peer ranks. Expected number of connected peer ranks is : 0
3: [default0]:[W513 20:00:23.925064155 ProcessGroupNCCL.cpp:941] Warning: TORCH_NCCL_AVOID_RECORD_STREAMS is the default now, this environment variable is thus deprecated. (function operator())
3: [default0]:[rank12]:[W513 20:00:23.957079387 ProcessGroupNCCL.cpp:5163] Guessing device ID based on global rank. This can cause a hang if rank to GPU mapping is heterogeneous. You can specify device_id in init_process_group()
3: [default0]:[Gloo] Rank 0 is connected to 0 peer ranks. Expected number of connected peer ranks is : 0
3: [default0]:[Gloo] Rank 0 is connected to 0 peer ranks. Expected number of connected peer ranks is : 0
3: [default0]:[Gloo] Rank 0 is connected to 0 peer ranks. Expected number of connected peer ranks is : 0
0: [default0]:[Gloo] Rank 0 is connected to 0 peer ranks. Expected number of connected peer ranks is : 0
0: [default0]:[Gloo] Rank 0 is connected to 0 peer ranks. Expected number of connected peer ranks is : 0
0: [default0]:[Gloo] Rank 0 is connected to 0 peer ranks. Expected number of connected peer ranks is : 0
0: [default0]:> initialized tensor model parallel with size 4
0: [default0]:> initialized pipeline model parallel with size 4
0: [default0]:> setting random seeds to 42 ...
0: [default0]:> compiling dataset index builder ...
0: [default0]:make: Entering directory '/iopsstor/scratch/cscs/course_00326/lsaie-ss26-gipfelsturm/Megatron-LM/megatron/core/datasets'
0: [default2]:[Gloo] Rank 0 is connected to 0 peer ranks. Expected number of connected peer ranks is : 0
0: [default2]:[Gloo] Rank 0 is connected to 0 peer ranks. Expected number of connected peer ranks is : 0
0: [default2]:[Gloo] Rank 0 is connected to 0 peer ranks. Expected number of connected peer ranks is : 0
0: [default0]:make: Nothing to be done for 'default'.
0: [default0]:make: Leaving directory '/iopsstor/scratch/cscs/course_00326/lsaie-ss26-gipfelsturm/Megatron-LM/megatron/core/datasets'
0: [default0]:>>> done with dataset index builder. Compilation time: 0.090 seconds
0: [default0]:> compiling and loading fused kernels ...
0: [default0]:/usr/local/lib/python3.12/dist-packages/torch/distributed/c10d_logger.py:83: UserWarning: barrier(): using the device under current context. You can specify `device_id` in `init_process_group` to mute this warning.
0: [default0]:  return func(*args, **kwargs)
0: [default0]:[rank0]:[W513 20:00:26.775719250 ProcessGroupNCCL.cpp:5163] Guessing device ID based on global rank. This can cause a hang if rank to GPU mapping is heterogeneous. You can specify device_id in init_process_group()
0: [default0]:>>> done with compiling and loading fused kernels. Compilation time: 2.422 seconds
0: [default0]:time to initialize megatron (seconds): 16.806
0: [default0]:[after in-process setup and before initialize_megatron] datetime: 2026-05-13 20:00:20.774660 
0: [default0]:[after in-job setup and before initialize_megatron] datetime: 2026-05-13 20:00:20.806847 
0: [default0]:/usr/local/lib/python3.12/dist-packages/torch/distributed/c10d_logger.py:83: UserWarning: barrier(): using the device under current context. You can specify `device_id` in `init_process_group` to mute this warning.
0: [default0]:  return func(*args, **kwargs)
0: [default0]:[before library-setup] datetime: 2026-05-13 19:59:54.738422
0: [default0]:[after library-setup] datetime: 2026-05-13 20:00:20.728082
0: [default0]:[before megatron-init] datetime: 2026-05-13 20:00:20.774659
0: [default0]:[after megatron is initialized] datetime: 2026-05-13 20:00:32.263185 
0: [default0]:building GPT model ...
3: [default3]:INFO:megatron.core.timers:(min, max) time across ranks (ms):
3: [default3]:    startup-program-entry-spread ...................: (0.10, 8.11)
3: [default3]:    startup-library-setup ..........................: (20446.13, 25989.98)
3: [default3]:    startup-program-setup ..........................: (46.48, 48.42)
3: [default3]:    startup-in-process-setup .......................: (0.00, 0.00)
3: [default3]:    startup-in-job-setup ...........................: (31.71, 34.47)
3: [default3]:    startup-initialize-megatron ....................: (7799.02, 13335.06)
3: [default3]:    startup-set-jit-fusion-options .................: (1933.46, 3051.77)
3: [default3]:    all-reduce-start-timestamps-tensor .............: (1.61, 1120.04)
3: [default3]:    startup-megatron-init-local ....................: (10885.19, 16421.49)
3: [default3]:    startup-megatron-init-global ...................: (36922.94, 36923.05)
2: [default1]: > number of parameters on (tensor, pipeline) model parallel rank (1, 2): 2029178880
2: [default3]: > number of parameters on (tensor, pipeline) model parallel rank (3, 2): 2029178880
2: [default0]: > number of parameters on (tensor, pipeline) model parallel rank (0, 2): 2029178880
2: [default2]: > number of parameters on (tensor, pipeline) model parallel rank (2, 2): 2029178880
2: [default0]:INFO:megatron.core.distributed.param_and_grad_buffer:Number of buckets for gradient all-reduce / reduce-scatter: 1
2: [default0]:Params for bucket 1 (2029178880 elements, 2029178880 padded size):
2: [default0]:	module.decoder.layers.12.self_attention.linear_qkv.weight
2: [default0]:	module.decoder.layers.11.mlp.linear_fc1.weight
2: [default0]:	module.decoder.layers.2.mlp.linear_fc2.weight
2: [default0]:	module.decoder.layers.1.mlp.linear_fc1.weight
2: [default0]:	module.decoder.layers.1.self_attention.linear_qkv.weight
2: [default0]:	module.decoder.layers.12.self_attention.linear_proj.weight
2: [default0]:	module.decoder.layers.10.mlp.linear_fc2.weight
2: [default0]:	module.decoder.layers.7.self_attention.linear_proj.weight
2: [default0]:	module.decoder.layers.6.self_attention.linear_qkv.weight
2: [default0]:	module.decoder.layers.7.self_attention.linear_qkv.layer_norm_weight
2: [default0]:	module.decoder.layers.0.self_attention.linear_qkv.weight
2: [default0]:	module.decoder.layers.0.self_attention.linear_qkv.layer_norm_weight
2: [default0]:	module.decoder.layers.14.self_attention.linear_qkv.weight
2: [default0]:	module.decoder.layers.8.mlp.linear_fc1.layer_norm_weight
2: [default0]:	module.decoder.layers.6.self_attention.linear_qkv.layer_norm_weight
2: [default0]:	module.decoder.layers.11.self_attention.linear_qkv.layer_norm_weight
2: [default0]:	module.decoder.layers.10.self_attention.linear_qkv.layer_norm_weight
2: [default0]:	module.decoder.layers.5.mlp.linear_fc2.weight
2: [default0]:	module.decoder.layers.0.self_attention.linear_proj.weight
2: [default0]:	module.decoder.layers.14.mlp.linear_fc1.weight
2: [default0]:	module.decoder.layers.10.mlp.linear_fc1.layer_norm_weight
2: [default0]:	module.decoder.layers.3.mlp.linear_fc1.weight
2: [default0]:	module.decoder.layers.3.self_attention.linear_proj.weight
2: [default0]:	module.decoder.layers.14.self_attention.linear_proj.weight
2: [default0]:	module.decoder.layers.7.self_attention.linear_qkv.weight
2: [default0]:	module.decoder.layers.4.self_attention.linear_qkv.weight
2: [default0]:	module.decoder.layers.8.self_attention.linear_qkv.layer_norm_weight
2: [default0]:	module.decoder.layers.2.mlp.linear_fc1.layer_norm_weight
2: [default0]:	module.decoder.layers.1.self_attention.linear_proj.weight
2: [default0]:	module.decoder.layers.10.mlp.linear_fc1.weight
2: [default0]:	module.decoder.layers.8.mlp.linear_fc1.weight
2: [default0]:	module.decoder.layers.8.self_attention.linear_qkv.weight
2: [default0]:	module.decoder.layers.6.mlp.linear_fc1.layer_norm_weight
2: [default0]:	module.decoder.layers.1.mlp.linear_fc1.layer_norm_weight
2: [default0]:	mod
2: ule.decoder.layers.14.mlp.linear_fc2.weight
2: [default0]:	module.decoder.layers.13.mlp.linear_fc1.weight
2: [default0]:	module.decoder.layers.12.mlp.linear_fc2.weight
2: [default0]:	module.decoder.layers.12.self_attention.linear_qkv.layer_norm_weight
2: [default0]:	module.decoder.layers.3.mlp.linear_fc1.layer_norm_weight
2: [default0]:	module.decoder.layers.4.self_attention.linear_qkv.layer_norm_weight
2: [default0]:	module.decoder.layers.3.self_attention.linear_qkv.weight
2: [default0]:	module.decoder.layers.5.self_attention.linear_qkv.layer_norm_weight
2: [default0]:	module.decoder.layers.13.mlp.linear_fc2.weight
2: [default0]:	module.decoder.layers.9.mlp.linear_fc1.layer_norm_weight
2: [default0]:	module.decoder.layers.9.self_attention.linear_proj.weight
2: [default0]:	module.decoder.layers.9.mlp.linear_fc2.weight
2: [default0]:	module.decoder.layers.8.mlp.linear_fc2.weight
2: [default0]:	module.decoder.layers.5.self_attention.linear_proj.weight
2: [default0]:	module.decoder.layers.4.self_attention.linear_proj.weight
2: [default0]:	module.decoder.layers.0.mlp.linear_fc1.weight
2: [default0]:	module.decoder.layers.7.mlp.linear_fc1.layer_norm_weight
2: [default0]:	module.decoder.layers.5.self_attention.linear_qkv.weight
2: [default0]:	module.decoder.layers.5.mlp.linear_fc1.weight
2: [default0]:	module.decoder.layers.11.self_attention.linear_qkv.weight
2: [default0]:	module.decoder.layers.6.self_attention.linear_proj.weight
2: [default0]:	module.decoder.layers.13.self_attention.linear_qkv.layer_norm_weight
2: [default0]:	mod
2: ule.decoder.layers.10.self_attention.linear_qkv.weight
2: [default0]:	module.decoder.layers.7.mlp.linear_fc2.weight
2: [default0]:	module.decoder.layers.6.mlp.linear_fc1.weight
2: [default0]:	module.decoder.layers.4.mlp.linear_fc1.layer_norm_weight
2: [default0]:	module.decoder.layers.9.self_attention.linear_qkv.weight
2: [default0]:	module.decoder.layers.10.self_attention.linear_proj.weight
2: [default0]:	module.decoder.layers.6.mlp.linear_fc2.weight
2: [default0]:	module.decoder.layers.3.mlp.linear_fc2.weight
2: [default0]:	module.decoder.layers.12.mlp.linear_fc1.weight
2: [default0]:	module.decoder.layers.12.mlp.linear_fc1.layer_norm_weight
2: [default0]:	module.decoder.layers.9.mlp.linear_fc1.weight
2: [default0]:	module.decoder.layers.3.self_attention.linear_qkv.layer_norm_weight
2: [default0]:	module.decoder.layers.2.self_attention.linear_proj.weight
2: [default0]:	module.decoder.layers.13.self_attention.linear_proj.weight
2: [default0]:	module.decoder.layers.2.self_attention.linear_qkv.weight
2: [default0]:	module.decoder.layers.13.self_attention.linear_qkv.weight
2: [default0]:	module.decoder.layers.11.mlp.linear_fc1.layer_norm_weight
2: [default0]:	module.decoder.layers.9.self_attention.linear_qkv.layer_norm_weight
2: [d
2: efault0]:	module.decoder.layers.0.mlp.linear_fc2.weight
2: [default0]:	module.decoder.layers.2.mlp.linear_fc1.weight
2: [default0]:	module.decoder.layers.0.mlp.linear_fc1.layer_norm_weight
2: [default0]:	module.decoder.layers.8.self_attention.linear_proj.weight
2: [default0]:	module.decoder.layers.5.mlp.linear_fc1.layer_norm_weight
2: [default0]:	module.decoder.layers.2.self_attention.linear_qkv.layer_norm_weight
2: [default0]:	module.decoder.layers.7.mlp.linear_fc1.weight
2: [default0]:	module.decoder.layers.1.mlp.linear_fc2.weight
2: [default0]:	module.decoder.layers.4.mlp.linear_fc1.weight
2: [default0]:	module.decoder.layers.13.mlp.linear_fc1.layer_norm_weight
2: [default0]:	module.decoder.layers.11.mlp.linear_fc2.weight
2: [default0]:	module.decoder.layers.4.mlp.linear_fc2.weight
2: [default0]:	module.decoder.layers.11.self_attention.linear_proj.weight
2: [default0]:	module.decoder.layers.14.mlp.linear_fc1.layer_norm_weight
2: [default0]:	module.decoder.layers.14.self_attention.linear_qkv.layer_norm_weight
2: [default0]:	module.decoder.layers.1.self_attention.linear_qkv.layer_norm_weight
3: [default2]: > number of parameters on (tensor, pipeline) model parallel rank (2, 3): 2107041792
3: [default0]: > number of parameters on (tensor, pipeline) model parallel rank (0, 3): 2107041792
3: [default3]: > number of parameters on (tensor, pipeline) model parallel rank (3, 3): 2107041792
3: [default1]: > number of parameters on (tensor, pipeline) model parallel rank (1, 3): 2107041792
3: [default0]:INFO:megatron.core.distributed.param_and_grad_buffer:Number of buckets for gradient all-reduce / reduce-scatter: 1
3: [default0]:Params for bucket 1 (2107041792 elements, 2107041792 padded size):
3: [default0]:	module.decoder.layers.7.mlp.linear_fc2.weight
3: [default0]:	module.decoder.layers.3.self_attention.linear_qkv.weight
3: [default0]:	module.decoder.layers.1.self_attention.linear_qkv.layer_norm_weight
3: [default0]:	module.decoder.layers.3.mlp.linear_fc2.weight
3: [default0]:	module.decoder.layers.2.self_attention.linear_proj.weight
3: [default0]:	module.decoder.layers.2.mlp.linear_fc1.weight
3: [default0]:	module.decoder.layers.10.self_attention.linear_proj.weight
3: [default0]:	module.decoder.layers.7.mlp.linear_fc1.layer_norm_weight
3: [default0]:	module.decoder.layers.3.mlp.linear_fc1.layer_norm_weight
3: [default0]:	module.decoder.layers.4.self_attention.linear_qkv.layer_norm_weight
3: [default0]:	module.decoder.layers.14.mlp.linear_fc1.layer_norm_weight
3: [default0]:	module.decoder.layers.13.self_attention.linear_proj.weig
3: ht
3: [default0]:	module.decoder.layers.6.mlp.linear_fc1.layer_norm_weight
3: [default0]:	module.decoder.layers.0.mlp.linear_fc2.weight
3: [default0]:	module.decoder.layers.10.mlp.linear_fc2.weight
3: [default0]:	module.decoder.layers.9.self_attention.linear_qkv.weight
3: [default0]:	module.decoder.layers.8.self_attention.linear_qkv.layer_norm_weight
3: [default0]:	module.decoder.layers.0.self_attention.linear_qkv.layer_norm_weight
3: [default0]:	module.decoder.final_layernorm.weight
3: [default0]:	module.decoder.layers.8.mlp.linear_fc1.weight
3: [default0]:	module.decoder.layers.5.self_attention.linear_proj.weight
3: [default0]:	module.decoder.layers.3.mlp.linear_fc1.weight
3: [default0]:	module.decoder.layers.3.self_attention.linear_proj.weight
3: [default0]:	module.decoder.layers.2.self_attention.linear_qkv.weight
3: [default0]:	module.decoder.layers.0.self_attention.linear_proj.weight
3: [default0]:	module.decoder.layers.13.mlp.linear_fc2.weight
3: [default0]:	module.decoder.layers.12.self_attention.linear_qkv.weight
3: [default0]:	module.decoder.layers.11.self_attention.linear_qkv.layer_norm_weight
3: [default0]:	module.decoder.layers.2.mlp.linear_fc1.layer_norm_weight
3: [default0]:	module.decoder.layers.11.mlp.linear_fc1.weight
3: [default0]:	module.decoder.layers.10.mlp.linear_fc1.layer_norm_weight
3: [default0]:	module.decoder.layers.1.mlp.linear_fc2.weight
3: [default0]:	module.decoder.layers.14.self_attention.linear_qkv.layer_norm_weight
3: [default0]:	module.decoder.layer
3: s.0.self_attention.linear_qkv.weight
3: [default0]:	module.decoder.layers.13.mlp.linear_fc1.layer_norm_weight
3: [default0]:	module.decoder.layers.6.mlp.linear_fc1.weight
3: [default0]:	module.decoder.layers.5.mlp.linear_fc1.layer_norm_weight
3: [default0]:	module.decoder.layers.7.self_attention.linear_qkv.layer_norm_weight
3: [default0]:	module.decoder.layers.4.self_attention.linear_proj.weight
3: [default0]:	module.decoder.layers.9.self_attention.linear_proj.weight
3: [default0]:	module.decoder.layers.7.mlp.linear_fc1.weight
3: [default0]:	module.decoder.layers.1.mlp.linear_fc1.weight
3: [default0]:	module.decoder.layers.1.self_attention.linear_qkv.weight
3: [default0]:	module.decoder.layers.5.mlp.linear_fc2.weight
3: [default0]:	module.decoder.layers.12.self_attention.linear_proj.weight
3: [default0]:	module.decoder.layers.9.mlp.linear_fc2.weight
3: [default0]:	module.decoder.layers.8.self_attention.linear_qkv.weight
3: [default0]:	module.decoder.layers.6.self_attention.linear_proj.weight
3: [default0]:	module.decoder.layers.4.mlp.linear_fc1.layer_no
3: rm_weight
3: [default0]:	module.decoder.layers.1.self_attention.linear_proj.weight
3: [default0]:	module.output_layer.weight
3: [default0]:	module.decoder.layers.5.mlp.linear_fc1.weight
3: [default0]:	module.decoder.layers.12.mlp.linear_fc2.weight
3: [default0]:	module.decoder.layers.11.self_attention.linear_qkv.weight
3: [default0]:	module.decoder.layers.10.self_attention.linear_qkv.layer_norm_weight
3: [default0]:	module.decoder.layers.6.self_attention.linear_qkv.weight
3: [default0]:	module.decoder.layers.2.mlp.linear_fc2.weight
3: [default0]:	module.decoder.layers.10.mlp.linear_fc1.weight
3: [default0]:	module.decoder.layers.9.mlp.linear_fc1.layer_norm_weight
3: [default0]:	module.decoder.layers.14.mlp.linear_fc2.weight
3: [default0]:	module.decoder.layers.14.self_attention.linear_qkv.weight
3: [default0]:	module.decoder.layers.13.self_attention.linear_qkv.layer_norm_weight
3: [default0]:	module.decoder.layers.6.mlp.linear_fc2.weight
3: [default0]:	module.decoder.layers.3.self_attention.linear_qkv.layer_norm_weight
3: [default0]:	module.decoder.layers.4.mlp.linear_fc2.weight
3: [default0]:	module.decoder.layers.0.mlp.linear_fc1.weight
3: [default0]:	module.decoder.layers.13.mlp.linear_fc1.weight
3: [default0]:	module.decoder.layers.12.mlp.linear_fc1.layer_norm_weight
3: [default0]:	module.decoder.layers.7.self_attention.linear_qkv.weight
3: [default0]:	module.decoder.layers.4.mlp.linear_fc1.weight
3: [default0]:	module.decoder.layers.0.mlp.linear_fc1.layer_norm_weight
3: [default0]:	module.decoder.layers.5.self_attention.linear_qkv.weight
3: [default0]:	module.decoder.layers.2.self_attention.linear_qkv.layer_norm_weight
3: [default0]:	module.decoder.layers.11.self_attention.linear_proj.weight
3: [default0]:	module.decoder.layers.8.mlp.linear_fc2.weight
3: [default0]:	module.decoder.layers.14.self_attention.linear_proj.weight
3: [default0]:	module.decoder.layers.1.mlp.linear_fc1.layer_norm_weight
3: [default0]:	module.decoder.layers.11.mlp.linear_fc2.weight
3: [default0]:	module.decoder.layers.10.self_attention.linear_qkv.weight
3: [default0]:	module.decoder.layers.9.self_attention.linear_qkv.layer_norm_weight
3: [default0]:	module.decoder.layers.8.self_attention.linear_proj.weight
3: [default0]:	module.decoder.layers.6.self_attention.linear_qkv.layer_norm_weight
3: [default0]:	module.decoder.layers.5.self_attention.linear_qkv.layer_norm_weight
3: [default0]:	module.decoder.layers.9.mlp.linear_fc1.weight
3: [default0]:	module.decoder.layers.8.mlp.linear_fc1.layer_norm_weight
3: [default0]:	module.decoder.layers.7.self_attention.linear_proj.weight
3: [default0]:	module.decoder.layers.14.mlp.linear_fc1.weight
3: [default0]:	module.decoder.layers.13.self_attention.linear_qkv.weight
3: [default0]:	module.decoder.layers.12.self_attention.linear_qkv.layer_norm_weight
3: [default0]:	module.decoder.layers.4.self_attention.linear_qkv.weight
3: [default0]:	module.decoder.layers.12.mlp.linear_fc1.weight
3: [default0]:	module.decoder.layers.11.mlp.linear_fc1.layer_norm_weight
1: [default1]: > number of parameters on (tensor, pipeline) model parallel rank (1, 1): 2029178880
1: [default3]: > number of parameters on (tensor, pipeline) model parallel rank (3, 1): 2029178880
0: [default3]: > number of parameters on (tensor, pipeline) model parallel rank (3, 0): 2107035648
0: [default0]: > number of parameters on (tensor, pipeline) model parallel rank (0, 0): 2107035648
0: [default0]:INFO:megatron.core.distributed.distributed_data_parallel:Setting up DistributedDataParallel with config DistributedDataParallelConfig(grad_reduce_in_fp32=False, overlap_grad_reduce=True, overlap_param_gather=True, align_param_gather=False, use_distributed_optimizer=True, num_distributed_optimizer_instances=1, check_for_nan_in_grad=False, check_for_large_grads=False, bucket_size=40000000, pad_buckets_for_high_nccl_busbw=False, reduce_scatter_with_fp32_accumulation=False, average_in_collective=False, fp8_param_gather=False, reuse_grad_buf_for_mxfp8_param_ag=False, use_megatron_fsdp=False, use_custom_fsdp=False, data_parallel_sharding_strategy='no_shard', gradient_reduce_div_fusion=True, suggested_communication_unit_size=None, preserve_fp32_weights=True, keep_fp8_transpose_cache=False, nccl_ub=False, fsdp_double_buffer=False, outer_dp_sharding_strategy='no_shard', disable_symmetric_registration=False, fsdp_
0: manual_registration=False, delay_wgrad_compute=False)
0: [default2]: > number of parameters on (tensor, pipeline) model parallel rank (2, 0): 2107035648
0: [default1]: > number of parameters on (tensor, pipeline) model parallel rank (1, 0): 2107035648
1: [default2]: > number of parameters on (tensor, pipeline) model parallel rank (2, 1): 2029178880
1: [default0]: > number of parameters on (tensor, pipeline) model parallel rank (0, 1): 2029178880
1: [default0]:INFO:megatron.core.distributed.param_and_grad_buffer:Number of buckets for gradient all-reduce / reduce-scatter: 1
1: [default0]:Params for bucket 1 (2029178880 elements, 2029178880 padded size):
1: [default0]:	module.decoder.layers.14.self_attention.linear_proj.weight
1: [default0]:	module.decoder.layers.4.self_attention.linear_qkv.layer_norm_weight
1: [default0]:	module.decoder.layers.11.mlp.linear_fc2.weight
1: [default0]:	module.decoder.layers.10.self_attention.linear_qkv.weight
1: [default0]:	module.decoder.layers.9.self_attention.linear_qkv.layer_norm_weight
1: [default0]:	module.decoder.layers.6.self_attention.linear_qkv.layer_norm_weight
1: [default0]:	module.decoder.layers.2.mlp.linear_fc1.weight
1: [default0]:	module.decoder.layers.9.mlp.linear_fc1.weight
1: [default0]:	module.decoder.layers.8.mlp.linear_fc1.layer_norm_weight
1: [default0]:	module.decoder.layers.7.self_attention.linear_proj.weight
1: [default0]:	module.decoder.layers.3.self_attention.linear_proj.weight
1: [default0]:	module.decoder.layers.14.mlp.linear_fc1.weight
1: [default0]:	module.decoder.layers.13.self_attention.linear_qkv.weight
1: [default0]:	module.decoder.layers.12.self_attention.linear_qkv.layer_norm_weight
1: [default0]:	module.decoder.layers.1.mlp.linear_fc1.weight
1: [default0]:	module.decoder.layers.12.mlp.linear_fc1.weight
1: [default0]:	module.decoder.layers.11.mlp.linear_fc1.layer_norm_weight
1: [default0]:	module.decoder.layers.1.mlp.linear_fc2.weight
1: [default0]:	module.decoder.layers.0.self_attention.linear_qkv.layer_norm_weight
1: [default0]:	module.decoder.layers.8.self_attention.linear_proj.weight
1: [default0]:	module.decoder.layers.3.self_attention.linear_qkv.layer_norm_weight
1: [default0]:	module.decoder.layers.1.mlp.linear_fc1.layer_norm_weight
1: [default0]:	module.decoder.layers.0.mlp.linear_fc1.layer_norm_weight
1: [default0]:	module.decoder.layers.10.self_attention.linear_proj.weight
1: [default0]:	module.decoder.layers.7.mlp.linear_fc1.layer_norm_weight
1: [default0]:	module.decoder.layers.5.self_attention.linear_pro
1: j.weight
1: [default0]:	module.decoder.layers.3.mlp.linear_fc1.weight
1: [default0]:	module.decoder.layers.1.self_attention.linear_qkv.layer_norm_weight
1: [default0]:	module.decoder.layers.6.self_attention.linear_qkv.weight
1: [default0]:	module.decoder.layers.5.mlp.linear_fc2.weight
1: [default0]:	module.decoder.layers.0.self_attention.linear_qkv.weight
1: [default0]:	module.decoder.layers.14.mlp.linear_fc1.layer_norm_weight
1: [default0]:	module.decoder.layers.13.self_attention.linear_proj.weight
1: [default0]:	module.decoder.layers.1.self_attention.linear_proj.weight
1: [default0]:	module.decoder.layers.10.mlp.linear_fc2.weight
1: [default0]:	module.decoder.layers.9.self_attention.linear_qkv.weight
1: [default0]:	module.decoder.layers.8.self_attention.linear_qkv.layer_norm_weight
1: [default0]:	module.decoder.layers.4.self_attention.linear_proj.weight
1: [default0]:	module.decoder.layers.8.mlp.linear_fc1.weight
1: [default0]:	module.decoder.layers.6.mlp.linear_fc2.weight
1: [default0]:	module.decoder.layers.2.self_attention.linear_proj.weight
1: [default0]:	module.decoder.layers.13.mlp.linear_fc2.weight
1: [default0]:	mo
1: dule.decoder.layers.12.self_attention.linear_qkv.weight
1: [default0]:	module.decoder.layers.11.self_attention.linear_qkv.layer_norm_weight
1: [default0]:	module.decoder.layers.1.self_attention.linear_qkv.weight
1: [default0]:	module.decoder.layers.11.mlp.linear_fc1.weight
1: [default0]:	module.decoder.layers.10.mlp.linear_fc1.layer_norm_weight
1: [default0]:	module.decoder.layers.2.self_attention.linear_qkv.weight
1: [default0]:	module.decoder.layers.14.self_attention.linear_qkv.layer_norm_weight
1: [default0]:	module.decoder.layers.5.mlp.linear_fc1.layer_norm_weight
1: [default0]:	module.decoder.layers.13.mlp.linear_fc1.layer_norm_weight
1: [default0]:	module.decoder.layers.7.self_attention.linear_qkv.layer_norm_weight
1: [default0]:	module.decoder.layers.9.self_attention.linear_proj.weight
1: [default0]:	module.decoder.layers.7.mlp.linear_fc1.weight
1: [default0]:	module.decoder.layers.4.mlp.linear_fc1.weight
1: [default0]:	module.decoder.layers.2.mlp.linear_fc2.weight
1: [default0]:	module.decoder.layers.3.mlp.linear_fc1.layer_norm_weight
1: [default0]:	module.decoder.layers.3.self_attention.linear_qkv.weight
1: [default0]:	module.decoder.layers.2.mlp.linear_fc1.layer_norm_weight
1: [default0]:	module.decoder.layers.3.mlp.linear_fc2.weight
1: [default0]:	module.decoder.layers.12.self_attention.linear_proj.weight
1: [default0]:	module.decoder.layers.4.mlp.linear_fc2.weight
1: [default0]:	module.decoder.layers.9.mlp.linear_fc2.weight
1: [default0]:	module.decoder.layers.8.self_attention.linear_qkv.weight
1: [default0]:	module.decoder.layers.5.self_attention.linear_qkv.layer_norm_weight
1: [default0]:	module.decoder.layers.4.self_attention.linear_qkv.weight
1: [default0]:	module.decoder.layers.0.self_attention.linear_proj.weight
1: [default0]:	module.decoder.layers.12.mlp.linear_fc2.weight
1: [default0]:	module.decoder.layers.11.self_attention.linear_qkv.weight
1: [default0]:	module.decoder.layers.10.self_attention.linear_qkv.layer_norm_weight
1: [default0]:	module.decoder.layers.7.mlp.linear_fc2.weight
1: [default0]:	module.decoder.layers.5.self_attention.linear_qkv.weight
1: [default0]:	module.decoder.layers.10.mlp.linear_fc1.weight
1: [default0]:	module.decoder.layers.9.mlp.linear_fc1.layer_norm_weight
1: [default0]:	module.decoder.layers.5.mlp.linear_fc1.weight
1: [default0]:	module.decoder.layers.14.mlp.linear_fc2.weight
1: [default0]:	module.decoder.layers.14.self_attention.linear_qkv.weight
1: [default0]:	module.decoder.layers.13.self_attention.linear_qkv.layer_norm_weight
1: [default0]:	module.decoder.layers.6.mlp.linear_fc1.layer_norm_weight
1: [default0]:	module.decoder.layers.4.mlp.linear_fc1.layer_norm_weight
1: [default0]:	module.decoder.layers.0.mlp.linear_fc2.weight
1: [default0]:	module.decoder.layers.13.mlp.linear_fc1.weight
1: [default0]:	module.decoder.layers.12.mlp.linear_fc1.layer_norm_weight
1: [default0]:	module.decoder.layers.7.self_attention.linear_qkv.weight
1: [default0]:	module.decoder.layers.0.mlp.linear_fc1.weight
1: [default0]:	module.decoder.layers.2.self_attention.linear_qkv.layer_norm_weight
1: [default0]:	module.decoder.layers.11.self_attention.linear_proj.weight
1: [default0]:	module.decoder.layers.6.mlp.linear_fc1.weight
1: [default0]:	module.decoder.layers.6.self_attention.linear_proj.weight
1: [default0]:	module.decoder.layers.8.mlp.linear_fc2.weight
0: [default0]:INFO:megatron.core.distributed.param_and_grad_buffer:Number of buckets for gradient all-reduce / reduce-scatter: 30
0: [default0]:Params for bucket 1 (113246208 elements, 113246208 padded size):
0: [default0]:	module.decoder.layers.14.mlp.linear_fc2.weight
0: [default0]:	module.decoder.layers.14.mlp.linear_fc1.weight
0: [default0]:Params for bucket 2 (59781120 elements, 59781120 padded size):
0: [default0]:	module.decoder.layers.14.mlp.linear_fc1.layer_norm_weight
0: [default0]:	module.decoder.layers.13.mlp.linear_fc2.weight
0: [default0]:	module.decoder.layers.14.self_attention.linear_qkv.weight
0: [default0]:	module.decoder.layers.14.self_attention.linear_qkv.layer_norm_weight
0: [default0]:	module.decoder.layers.14.self_attention.linear_proj.weight
0: [default0]:Params for bucket 3 (75497472 elements, 75497472 padded size):
0: [default0]:	module.decoder.layers.13.mlp.linear_fc1.weight
0: [default0]:Params for bucket 4 (59781120 elements, 59781120 padded size):
0: [default0]:	module.decoder.layers.12.mlp.linear_fc2.weight
0: [default0]:	module.decoder.layers.13.self_attention.linear_proj.weight
0: [default0]:	module.decoder.layers.13.mlp.linear_fc1.layer_norm_weight
0: [default0]:	module.decoder.layers.13.self_attention.linear_qkv.layer_norm_weight
0: [default0]:	module.decoder.layers.13.self_attention.linear_qkv.weight
0: [default0]:Params for bucket 5 (75497472 elements, 75497472 padded size):
0: [default0]:	module.decoder.layers.12.mlp.linear_fc1.weight
0: [default0]:Params for bucket 6 (59781120 elements, 59781120 padded size):
0: [default0]:	module.decoder.layers.12.mlp.linear_fc1.layer_norm_weight
0: [default0]:	module.decoder.layers.12.self_attention.linear_qkv.layer_norm_weight
0: [default0]:	module.decoder.layers.12.self_attention.linear_qkv.weight
0: [default0]:	module.decoder.layers.11.mlp.linear_fc2.weight
0: [default0]:	module.decoder.layers.12.self_attention.linear_proj.weight
0: [default0]:Params for bucket 7 (75497472 elements, 75497472 padded size):
0: [default0]:	module.decoder.layers.11.mlp.linear_fc1.weight
0: [default0]:Params for bucket 8 (59781120 elements, 59781120 padded size):
0: [default0]:	module.decoder.layers.11.mlp.linear_fc1.layer_norm_weight
0: [default0]:	module.decoder.layers.11.self_attention.linear_qkv.layer_norm_weight
0: [default0]:	module.decoder.layers.11.self_attention.linear_proj.weight
0: [default0]:	module.decoder.layers.11.self_attention.linear_qkv.weight
0: [default0]:	module.decoder.layers.10.mlp.linear_fc2.weight
0: [default0]:Params for bucket 9 (75497472 elements, 75497472 padded size):
0: [default0]:	module.decoder.layers.10.mlp.linear_fc1.weight
0: [default0]:Params for bucket 10 (59781120 elements, 59781120 padded size):
0: [default0]:	module.decoder.layers.9.mlp.linear_fc2.weight
0: [default0]:	module.decoder.layers.10.self_attention.linear_qkv.layer_norm_weight
0: [default0]:	module.decoder.layers.10.self_attention.linear_proj.weight
0: [default0]:	module.decoder.layers.10.mlp.linear_fc1.layer_norm_weight
0: [default0]:	module.decoder.layers.10.self_attention.linear_qkv.weight
0: [default0]:Params for bucket 11 (75497472 elements, 75497472 padded size):
0: [default0]:	module.decoder.layers.9.mlp.linear_fc1.weight
0: [default0]:Params for bucket 12 (59781120 elements, 59781120 padded size):
0: [default0]:	module.decoder.layers.9.mlp.linear_fc1.layer_norm_weight
0: [default0]:	module.decoder.layers.9.self_attention.linear_qkv.weight
0: [default0]:	module.decoder.layers.8.mlp.linear_fc2.weight
0: [default0]:	module.decoder.layers.9.self_attention.linear_qkv.layer_norm_weight
0: [default0]:	module.decoder.layers.9.self_attention.linear_proj.weight
0: [default0]:Params for bucket 13 (75497472 elements, 75497472 padded size):
0: [default0]:	module.decoder.layers.8.mlp.linear_fc1.weight
0: [default0]:Params for bucket 14 (59781120 elements, 59781120 padded size):
0: [default0]:	module.decoder.layers.8.self_attention.linear_proj.weight
0: [default0]:	module.decoder.layers.7.mlp.linear_fc2.weight
0: [default0]:	module.decoder.layers.8.mlp.linear_fc1.layer_norm_weight
0: [default0]:	module.decoder.layers.8.self_attention.linear_qkv.layer_norm_weight
0: [default0]:	module.decoder.layers.8.self_attention.linear_qkv.weight
0: [default0]:Params for bucket 15 (75497472 elements, 75497472 padded size):
0: [default0]:	module.decoder.layers.7.mlp.linear_fc1.weight
0: [default0]:Params for bucket 16 (59781120 elements, 59781120 padded size):
0: [default0]:	module.decoder.layers.7.self_attention.linear_qkv.layer_norm_weight
0: [default0]:	module.decoder.layers.7.self_attention.linear_qkv.weight
0: [default0]:	module.decoder.layers.7.mlp.linear_fc1.layer_norm_weight
0: [default0]:	module.decoder.layers.7.self_attention.linear_proj.weight
0: [default0]:	module.decoder.layers.6.mlp.linear_fc2.weight
0: [default0]:Params for bucket 17 (75497472 elements, 75497472 padded size):
0: [default0]:	module.decoder.layers.6.mlp.linear_fc1.weight
0: [default0]:Params for bucket 18 (59781120 elements, 59781120 padded size):
0: [default0]:	module.decoder.layers.6.mlp.linear_fc1.layer_norm_weight
0: [default0]:	module.decoder.layers.6.self_attention.linear_qkv.weight
0: [default0]:	module.decoder.layers.5.mlp.linear_fc2.weight
0: [default0]:	module.decoder.layers.6.self_attention.linear_qkv.layer_norm_weight
0: [default0]:	module.decoder.layers.6.self_attention.linear_proj.weight
0: [default0]:Params for bucket 19 (75497472 elements, 75497472 padded size):
0: [default0]:	module.decoder.layers.5.mlp.linear_fc1.weight
0: [default0]:Params for bucket 20 (59781120 elements, 59781120 padded size):
0: [default0]:	module.decoder.layers.5.mlp.linear_fc1.layer_norm_weight
0: [default0]:	module.decoder.layers.5.self_attention.linear_qkv.layer_norm_weight
0: [default0]:	module.decoder.layers.4.mlp.linear_fc2.weight
0: [default0]:	module.decoder.layers.5.self_attention.linear_qkv.weight
0: [default0]:	module.decoder.layers.5.self_attention.linear_proj.weight
0: [default0]:Params for bucket 21 (75497472 elements, 75497472 padded size):
0: [default0]:	module.decoder.layers.4.mlp.linear_fc1.weight
0: [default0]:Params for bucket 22 (59781120 elements, 59781120 padded size):
0: [default0]:	module.decoder.layers.4.mlp.linear_fc1.layer_norm_weight
0: [default0]:	module.decoder.layers.3.mlp.linear_fc2.weight
0: [default0]:	module.decoder.layers.4.self_attention.linear_proj.weight
0: [default0]:	module.decoder.layers.4.self_attention.linear_qkv.weight
0: [default0]:	module.decoder.layers.4.self_attention.linear_qkv.layer_norm_weight
0: [default0]:Params for bucket 23 (75497472 elements, 75497472 padded size):
0: [default0]:	module.decoder.layers.3.mlp.linear_fc1.weight
0: [default0]:Params for bucket 24 (59781120 elements, 59781120 padded size):
0: [default0]:	module.decoder.layers.3.self_attention.linear_proj.weight
0: [default0]:	module.decoder.layers.3.mlp.linear_fc1.layer_norm_weight
0: [default0]:	module.decoder.layers.3.self_attention.linear_qkv.layer_norm_weight
0: [default0]:	module.decoder.layers.3.self_attention.linear_qkv.weight
0: [default0]:	module.decoder.layers.2.mlp.linear_fc2.weight
0: [default0]:Params for bucket 25 (75497472 elements, 75497472 padded size):
0: [default0]:	module.decoder.layers.2.mlp.linear_fc1.weight
0: [default0]:Params for bucket 26 (59781120 elements, 59781120 padded size):
0: [default0]:	module.decoder.layers.2.self_attention.linear_qkv.layer_norm_weight
0: [default0]:	module.decoder.layers.1.mlp.linear_fc2.weight
0: [default0]:	module.decoder.layers.2.mlp.linear_fc1.layer_norm_weight
0: [default0]:	module.decoder.layers.2.self_attention.linear_qkv.weight
0: [default0]:	module.decoder.layers.2.self_attention.linear_proj.weight
0: [default0]:Params for bucket 27 (75497472 elements, 75497472 padded size):
0: [default0]:	module.decoder.layers.1.mlp.linear_fc1.weight
0: [default0]:Params for bucket 28 (59781120 elements, 59781120 padded size):
0: [default0]:	module.decoder.layers.1.mlp.linear_fc1.layer_norm_weight
0: [default0]:	module.decoder.layers.1.self_attention.linear_qkv.weight
0: [default0]:	module.decoder.layers.0.mlp.linear_fc2.weight
0: [default0]:	module.decoder.layers.1.self_attention.linear_proj.weight
0: [default0]:	module.decoder.layers.1.self_attention.linear_qkv.layer_norm_weight
0: [default0]:Params for bucket 29 (75497472 elements, 75497472 padded size):
0: [default0]:	module.decoder.layers.0.mlp.linear_fc1.weight
0: [default0]:Params for bucket 30 (99889152 elements, 99889152 padded size):
0: [default0]:	module.decoder.layers.0.self_attention.linear_qkv.layer_norm_weight
0: [default0]:	module.decoder.layers.0.self_attention.linear_proj.weight
0: [default0]:	module.decoder.layers.0.mlp.linear_fc1.layer_norm_weight
0: [default0]:	module.decoder.layers.0.self_attention.linear_qkv.weight
0: [default0]:	module.embedding.word_embeddings.weight
0: [default0]:INFO:megatron.core.optimizer:Setting up optimizer with config AdamOptimizerConfig(lr=0.0003, min_lr=0.0, decoupled_lr=None, decoupled_min_lr=None, weight_decay=0.1, apply_wd_to_qk_layernorm=False, fp8_recipe='delayed', fp16=False, bf16=True, reuse_grad_buf_for_mxfp8_param_ag=False, params_dtype=torch.bfloat16, use_precision_aware_optimizer=True, store_param_remainders=True, main_grads_dtype=torch.bfloat16, main_params_dtype=torch.float32, exp_avg_dtype=torch.float32, exp_avg_sq_dtype=torch.float32, optimizer='adam', loss_scale=None, initial_loss_scale=4294967296, min_loss_scale=1.0, loss_scale_window=1000, hysteresis=2, adam_beta1=0.9, adam_beta2=0.95, adam_eps=1e-08, decoupled_weight_decay=True, sgd_momentum=0.9, muon_momentum=0.9, muon_split_qkv=True, muon_use_nesterov=False, muon_scale_mode='spectral', muon_fp32_matmul_prec='medium', muon_num_ns_steps=5, muon_tp_mode='blockwise', muon_extra_scale_factor=1.0, use_distributed_optimizer=True, overlap_param_gather=True, overlap_param_gather_with_opt
0: imizer_step=False, optimizer_cpu_offload=False, optimizer_offload_fraction=1.0, use_torch_optimizer_for_cpu_offload=False, overlap_cpu_optimizer_d2h_h2d=False, pin_cpu_grads=True, pin_cpu_params=True, clip_grad=1.0, log_num_zeros_in_grad=False, barrier_with_L1_time=True, timers=<megatron.core.timers.Timers object at 0x4005d234d9a0>, config_logger_dir='')
0: [default0]:INFO:megatron.core.optimizer_param_scheduler:> learning rate decay style: constant
0: [default0]:[after model, optimizer, and learning rate scheduler are built] datetime: 2026-05-13 20:00:33.918774 
0: [default0]:> building train, validation, and test datasets ...
0: [default0]: > datasets target sizes (minimum size):
0: [default0]:    train:      15360
0: [default0]:    validation: 0
0: [default0]:    test:       0
0: [default0]:INFO:megatron.core.datasets.blended_megatron_dataset_config:Let split_matrix = [(0, 0.99), (0.99, 1.0), None]
0: [default0]:> building train, validation, and test datasets for GPT ...
0: [default0]:INFO:megatron.core.datasets.blended_megatron_dataset_builder:Building GPTDataset splits with sizes=(15360, 0, 0) and config=GPTDatasetConfig(random_seed=42, sequence_length=4096, blend=(['/capstor/store/cscs/swissai/infra01/datasets/nvidia/Nemotron-ClimbMix/climbmix_small_megatron/climbmix_small'], None), blend_per_split=None, multiple_validation_sets=False, full_validation=False, split='99,1,0', split_matrix=[(0, 0.99), (0.99, 1.0), None], num_dataset_builder_threads=1, path_to_cache='/iopsstor/scratch/cscs/course_00326/gipfelsturm/cache', mmap_bin_files=True, mock=False, tokenizer=<megatron.core.tokenizers.text.models.default_tokenizer.DefaultTokenizerText object at 0x4006decaca70>, mid_level_dataset_surplus=0.005, allow_ambiguous_pad_tokens=False, fast_cache_load=False, defer_npy_index_mmap=False, reset_position_ids=False, reset_attention_mask=False, eod_mask_loss=False, create_attention_mask=True, drop_last_partial_validation_sequence=True, add_extra_token_to_sequence=True, object_storage_cache
0: _path=None, data_parallel_size=1, sequence_parallel_size=4, hybrid_context_parallel=False, sequences_per_dataset=None, token_dtype_code=8, context_parallel_size=1)
0: [default0]:INFO:megatron.core.datasets.indexed_dataset:Load the _IndexReader from /capstor/store/cscs/swissai/infra01/datasets/nvidia/Nemotron-ClimbMix/climbmix_small_megatron/climbmix_small.idx
0: [default0]:INFO:megatron.core.datasets.indexed_dataset:	Extract the sequence lengths
0: [default0]:INFO:megatron.core.datasets.indexed_dataset:	Extract the sequence pointers
0: [default0]:INFO:megatron.core.datasets.indexed_dataset:	Extract the document indices
0: [default0]:INFO:megatron.core.datasets.indexed_dataset:> total number of sequences: 48965906
0: [default0]:INFO:megatron.core.datasets.indexed_dataset:> total number of documents: 48965906
0: [default0]:INFO:megatron.core.datasets.gpt_dataset:Load the GPTDataset train indices
0: [default0]:INFO:megatron.core.datasets.gpt_dataset:	Load the document index from a321ed1a55e7a27c002d4f084583b825-GPTDataset-train-document_index.npy
0: [default0]:INFO:megatron.core.datasets.gpt_dataset:	Load the sample index from a321ed1a55e7a27c002d4f084583b825-GPTDataset-train-sample_index.npy
0: [default0]:INFO:megatron.core.datasets.gpt_dataset:	Load the shuffle index from a321ed1a55e7a27c002d4f084583b825-GPTDataset-train-shuffle_index.npy
0: [default0]:INFO:megatron.core.datasets.gpt_dataset:> total number of samples: 8612827
0: [default0]:INFO:megatron.core.datasets.gpt_dataset:Load the GPTDataset valid indices
0: [default0]:INFO:megatron.core.datasets.gpt_dataset:	Load the document index from 051285e399943626af1be810c5a9e70c-GPTDataset-valid-document_index.npy
0: [default0]:INFO:megatron.core.datasets.gpt_dataset:	Load the sample index from 051285e399943626af1be810c5a9e70c-GPTDataset-valid-sample_index.npy
0: [default0]:INFO:megatron.core.datasets.gpt_dataset:	Load the shuffle index from 051285e399943626af1be810c5a9e70c-GPTDataset-valid-shuffle_index.npy
0: [default0]:INFO:megatron.core.datasets.gpt_dataset:> total number of samples: 61644
0: [default0]:> finished creating GPT datasets ...
0: [default0]:[after dataloaders are built] datetime: 2026-05-13 20:00:35.161442 
0: [default0]:done with setup ...
0: [default0]:training ...
0: [default0]:Overwriting rerun_state_machine.current_iteration from -1 to 0...
0: [default0]:[before the start of training step] datetime: 2026-05-13 20:00:35.236454 
3: [default3]:INFO:megatron.core.timers:(min, max) time across ranks (ms):
3: [default3]:    model-and-optimizer-setup ......................: (1653.22, 1654.32)
3: [default3]:    train/valid/test-data-iterators-setup ..........: (1161.08, 1240.62)
1: [default0]:[rank4]:[W513 20:00:37.891876945 ProcessGroupNCCL.cpp:4231] Warning: TORCH_NCCL_AVOID_RECORD_STREAMS=1 is not supported for batch P2P. Consider switching to non-batched isend/irecv for better memory usage. (function operator())
1: [default2]:[rank6]:[W513 20:00:37.877150099 ProcessGroupNCCL.cpp:4231] Warning: TORCH_NCCL_AVOID_RECORD_STREAMS=1 is not supported for batch P2P. Consider switching to non-batched isend/irecv for better memory usage. (function operator())
1: [default1]:[rank5]:[W513 20:00:37.878025722 ProcessGroupNCCL.cpp:4231] Warning: TORCH_NCCL_AVOID_RECORD_STREAMS=1 is not supported for batch P2P. Consider switching to non-batched isend/irecv for better memory usage. (function operator())
1: [default3]:[rank7]:[W513 20:00:37.801570100 ProcessGroupNCCL.cpp:4231] Warning: TORCH_NCCL_AVOID_RECORD_STREAMS=1 is not supported for batch P2P. Consider switching to non-batched isend/irecv for better memory usage. (function operator())
2: [default3]:[rank11]:[W513 20:00:37.020110367 ProcessGroupNCCL.cpp:4231] Warning: TORCH_NCCL_AVOID_RECORD_STREAMS=1 is not supported for batch P2P. Consider switching to non-batched isend/irecv for better memory usage. (function operator())
2: [default1]:[rank9]:[W513 20:00:37.085487685 ProcessGroupNCCL.cpp:4231] Warning: TORCH_NCCL_AVOID_RECORD_STREAMS=1 is not supported for batch P2P. Consider switching to non-batched isend/irecv for better memory usage. (function operator())
2: [default2]:[rank10]:[W513 20:00:37.082835542 ProcessGroupNCCL.cpp:4231] Warning: TORCH_NCCL_AVOID_RECORD_STREAMS=1 is not supported for batch P2P. Consider switching to non-batched isend/irecv for better memory usage. (function operator())
3: [default0]:[rank12]:[W513 20:00:37.975583681 ProcessGroupNCCL.cpp:4231] Warning: TORCH_NCCL_AVOID_RECORD_STREAMS=1 is not supported for batch P2P. Consider switching to non-batched isend/irecv for better memory usage. (function operator())
3: [default1]:[rank13]:[W513 20:00:37.965051005 ProcessGroupNCCL.cpp:4231] Warning: TORCH_NCCL_AVOID_RECORD_STREAMS=1 is not supported for batch P2P. Consider switching to non-batched isend/irecv for better memory usage. (function operator())
3: [default3]:[rank15]:[W513 20:00:37.905564841 ProcessGroupNCCL.cpp:4231] Warning: TORCH_NCCL_AVOID_RECORD_STREAMS=1 is not supported for batch P2P. Consider switching to non-batched isend/irecv for better memory usage. (function operator())
3: [default2]:[rank14]:[W513 20:00:37.959168031 ProcessGroupNCCL.cpp:4231] Warning: TORCH_NCCL_AVOID_RECORD_STREAMS=1 is not supported for batch P2P. Consider switching to non-batched isend/irecv for better memory usage. (function operator())
0: [default3]:[rank3]:[W513 20:00:37.846671635 ProcessGroupNCCL.cpp:4231] Warning: TORCH_NCCL_AVOID_RECORD_STREAMS=1 is not supported for batch P2P. Consider switching to non-batched isend/irecv for better memory usage. (function operator())
0: [default1]:[rank1]:[W513 20:00:37.852501827 ProcessGroupNCCL.cpp:4231] Warning: TORCH_NCCL_AVOID_RECORD_STREAMS=1 is not supported for batch P2P. Consider switching to non-batched isend/irecv for better memory usage. (function operator())
0: [default0]:[rank0]:[W513 20:00:37.863398875 ProcessGroupNCCL.cpp:4231] Warning: TORCH_NCCL_AVOID_RECORD_STREAMS=1 is not supported for batch P2P. Consider switching to non-batched isend/irecv for better memory usage. (function operator())
2: [default0]:[rank8]:[W513 20:00:37.095778440 ProcessGroupNCCL.cpp:4231] Warning: TORCH_NCCL_AVOID_RECORD_STREAMS=1 is not supported for batch P2P. Consider switching to non-batched isend/irecv for better memory usage. (function operator())
0: [default2]:[rank2]:[W513 20:00:37.848970158 ProcessGroupNCCL.cpp:4231] Warning: TORCH_NCCL_AVOID_RECORD_STREAMS=1 is not supported for batch P2P. Consider switching to non-batched isend/irecv for better memory usage. (function operator())
1: [default2]:[rank6]:[W513 20:00:38.245525882 ProcessGroupNCCL.cpp:4231] Warning: TORCH_NCCL_AVOID_RECORD_STREAMS=1 is not supported for batch P2P. Consider switching to non-batched isend/irecv for better memory usage. (function operator())
1: [default0]:[rank4]:[W513 20:00:38.251647661 ProcessGroupNCCL.cpp:4231] Warning: TORCH_NCCL_AVOID_RECORD_STREAMS=1 is not supported for batch P2P. Consider switching to non-batched isend/irecv for better memory usage. (function operator())
1: [default1]:[rank5]:[W513 20:00:38.236668214 ProcessGroupNCCL.cpp:4231] Warning: TORCH_NCCL_AVOID_RECORD_STREAMS=1 is not supported for batch P2P. Consider switching to non-batched isend/irecv for better memory usage. (function operator())
1: [default3]:[rank7]:[W513 20:00:38.226267485 ProcessGroupNCCL.cpp:4231] Warning: TORCH_NCCL_AVOID_RECORD_STREAMS=1 is not supported for batch P2P. Consider switching to non-batched isend/irecv for better memory usage. (function operator())
2: [default3]:[rank11]:[W513 20:00:39.709716670 ProcessGroupNCCL.cpp:4231] Warning: TORCH_NCCL_AVOID_RECORD_STREAMS=1 is not supported for batch P2P. Consider switching to non-batched isend/irecv for better memory usage. (function operator())
2: [default1]:[rank9]:[W513 20:00:39.720624718 ProcessGroupNCCL.cpp:4231] Warning: TORCH_NCCL_AVOID_RECORD_STREAMS=1 is not supported for batch P2P. Consider switching to non-batched isend/irecv for better memory usage. (function operator())
2: [default0]:[rank8]:[W513 20:00:39.726509625 ProcessGroupNCCL.cpp:4231] Warning: TORCH_NCCL_AVOID_RECORD_STREAMS=1 is not supported for batch P2P. Consider switching to non-batched isend/irecv for better memory usage. (function operator())
2: [default2]:[rank10]:[W513 20:00:39.693791111 ProcessGroupNCCL.cpp:4231] Warning: TORCH_NCCL_AVOID_RECORD_STREAMS=1 is not supported for batch P2P. Consider switching to non-batched isend/irecv for better memory usage. (function operator())
0: [default3]:[rank3]:[W513 20:00:39.571242342 ProcessGroupNCCL.cpp:4231] Warning: TORCH_NCCL_AVOID_RECORD_STREAMS=1 is not supported for batch P2P. Consider switching to non-batched isend/irecv for better memory usage. (function operator())
0: [default1]:[rank1]:[W513 20:00:39.571705880 ProcessGroupNCCL.cpp:4231] Warning: TORCH_NCCL_AVOID_RECORD_STREAMS=1 is not supported for batch P2P. Consider switching to non-batched isend/irecv for better memory usage. (function operator())
0: [default0]:[rank0]:[W513 20:00:39.576152851 ProcessGroupNCCL.cpp:4231] Warning: TORCH_NCCL_AVOID_RECORD_STREAMS=1 is not supported for batch P2P. Consider switching to non-batched isend/irecv for better memory usage. (function operator())
0: [default2]:[rank2]:[W513 20:00:39.576123476 ProcessGroupNCCL.cpp:4231] Warning: TORCH_NCCL_AVOID_RECORD_STREAMS=1 is not supported for batch P2P. Consider switching to non-batched isend/irecv for better memory usage. (function operator())
3: [default1]:[rank13]:[W513 20:00:42.199721154 ProcessGroupNCCL.cpp:4231] Warning: TORCH_NCCL_AVOID_RECORD_STREAMS=1 is not supported for batch P2P. Consider switching to non-batched isend/irecv for better memory usage. (function operator())
3: [default0]:[rank12]:[W513 20:00:42.204663583 ProcessGroupNCCL.cpp:4231] Warning: TORCH_NCCL_AVOID_RECORD_STREAMS=1 is not supported for batch P2P. Consider switching to non-batched isend/irecv for better memory usage. (function operator())
3: [default3]:[rank15]:[W513 20:00:42.201864251 ProcessGroupNCCL.cpp:4231] Warning: TORCH_NCCL_AVOID_RECORD_STREAMS=1 is not supported for batch P2P. Consider switching to non-batched isend/irecv for better memory usage. (function operator())
3: [default2]:[rank14]:[W513 20:00:42.198746594 ProcessGroupNCCL.cpp:4231] Warning: TORCH_NCCL_AVOID_RECORD_STREAMS=1 is not supported for batch P2P. Consider switching to non-batched isend/irecv for better memory usage. (function operator())
0: [default0]:/iopsstor/scratch/cscs/course_00326/lsaie-ss26-gipfelsturm/Megatron-LM/megatron/core/pipeline_parallel/schedules.py:189: UserWarning: The AccumulateGrad node's stream does not match the stream of the node that produced the incoming gradient. This may incur unnecessary synchronization and break CUDA graph capture if the AccumulateGrad node's stream is the default stream. This mismatch is caused by an AccumulateGrad node created prior to the current iteration being kept alive. This can happen if the autograd graph is still being kept alive by tensors such as the loss, or if you are using DDP, which will stash a reference to the node. To resolve the mismatch, delete all references to the autograd graph or ensure that DDP initialization is performed under the same stream as subsequent forwards. If the mismatch is intentional, you can use torch.autograd.graph.set_warn_on_accumulate_grad_stream_mismatch(False) to suppress this warning. (Triggered internally at /opt/pytorch/pytorch/torch/csrc/autograd/inp
0: ut_buffer.cpp:240.)
0: [default0]:  Variable._execution_engine.run_backward(
1: [default2]:[Rank 6] (after 1 iterations) memory (MB) | allocated: 27408.46 | max allocated: 27408.47 | reserved: 31596.00 | max reserved: 31596.00
1: [default0]:[Rank 4] (after 1 iterations) memory (MB) | allocated: 27408.46 | max allocated: 27408.47 | reserved: 31596.00 | max reserved: 31596.00
1: [default3]:[Rank 7] (after 1 iterations) memory (MB) | allocated: 27408.46 | max allocated: 27408.47 | reserved: 31596.00 | max reserved: 31596.00
1: [default1]:[Rank 5] (after 1 iterations) memory (MB) | allocated: 27408.46 | max allocated: 27408.47 | reserved: 31596.00 | max reserved: 31596.00
0: [default2]:[Rank 2] (after 1 iterations) memory (MB) | allocated: 28425.96 | max allocated: 28425.97 | reserved: 35808.00 | max reserved: 35808.00
0: [default0]:Number of parameters in transformer block in billions:  32.46
0: [default0]:Number of parameters in embedding layers in billions: 0.62
0: [default0]:Total number of parameters in billions: 33.09
0: [default0]:Number of parameters in most loaded shard in billions: 2.1069
0: [default0]:Number of parameters in other shards in billions: 2.0290
0: [default0]:compute_activation_memory_without_sp
0: [default0]:Activation memory footprint per transformer layer (precise, without SP): 384.0 MB
0: [default0]:Number of in-flight microbatches: 4
0: [default0]:Theoretical memory footprints: weight and optimizer=36167.30 MB, activation=24292.93 MB, total=60460.23 MB
0: [default0]:
0: [default0]:[Rank 0] (after 1 iterations) memory (MB) | allocated: 28425.96 | max allocated: 28425.97 | reserved: 35808.00 | max reserved: 35808.00
3: [default3]: [2026-05-13 20:01:20.634065] iteration        1/      60 | consumed samples:          256 | elapsed time per iteration (ms): 45397.7 | throughput per GPU (TFLOP/s/GPU): 297.0 | tokens/sec/GPU: 1444 | learning rate: 3.000000E-05 | global batch size:   256 | lm loss: 1.207188E+01 | loss scale: 1.0 | grad norm: 15.407 | number of skipped iterations:   0 | number of nan iterations:   0 |
3: [default3]:[Rank 15] (after 1 iterations) memory (MB) | allocated: 28710.55 | max allocated: 28710.67 | reserved: 28908.00 | max reserved: 28908.00
2: [default0]:[Rank 8] (after 1 iterations) memory (MB) | allocated: 27408.46 | max allocated: 27408.47 | reserved: 28220.00 | max reserved: 28220.00
2: [default2]:[Rank 10] (after 1 iterations) memory (MB) | allocated: 27408.46 | max allocated: 27408.47 | reserved: 28220.00 | max reserved: 28220.00
3: [default2]:[Rank 14] (after 1 iterations) memory (MB) | allocated: 28710.55 | max allocated: 28710.67 | reserved: 28908.00 | max reserved: 28908.00
2: [default3]:[Rank 11] (after 1 iterations) memory (MB) | allocated: 27408.46 | max allocated: 27408.47 | reserved: 28220.00 | max reserved: 28220.00
2: [default1]:[Rank 9] (after 1 iterations) memory (MB) | allocated: 27408.46 | max allocated: 27408.47 | reserved: 28220.00 | max reserved: 28220.00
0: [default0]:/usr/local/lib/python3.12/dist-packages/torch/distributed/c10d_logger.py:83: UserWarning: barrier(): using the device under current context. You can specify `device_id` in `init_process_group` to mute this warning.
0: [default0]:  return func(*args, **kwargs)
0: [default1]:[Rank 1] (after 1 iterations) memory (MB) | allocated: 28425.96 | max allocated: 28425.97 | reserved: 35808.00 | max reserved: 35808.00
3: [default0]:[Rank 12] (after 1 iterations) memory (MB) | allocated: 28710.55 | max allocated: 28710.67 | reserved: 28908.00 | max reserved: 28908.00
0: [default3]:[Rank 3] (after 1 iterations) memory (MB) | allocated: 28425.96 | max allocated: 28425.97 | reserved: 35808.00 | max reserved: 35808.00
3: [default1]:[Rank 13] (after 1 iterations) memory (MB) | allocated: 28710.55 | max allocated: 28710.67 | reserved: 28908.00 | max reserved: 28908.00
1: [default2]:[Rank 6] (after 2 iterations) memory (MB) | allocated: 27408.46 | max allocated: 37413.28 | reserved: 37822.00 | max reserved: 37822.00
1: [default0]:[Rank 4] (after 2 iterations) memory (MB) | allocated: 27408.46 | max allocated: 37413.28 | reserved: 37822.00 | max reserved: 37822.00
1: [default3]:[Rank 7] (after 2 iterations) memory (MB) | allocated: 27408.46 | max allocated: 37413.28 | reserved: 37822.00 | max reserved: 37822.00
1: [default1]:[Rank 5] (after 2 iterations) memory (MB) | allocated: 27408.46 | max allocated: 37413.28 | reserved: 37822.00 | max reserved: 37822.00
0: [default2]:[Rank 2] (after 2 iterations) memory (MB) | allocated: 28425.96 | max allocated: 41745.86 | reserved: 42436.00 | max reserved: 42436.00
3: [default3]: [2026-05-13 20:02:02.919530] iteration        2/      60 | consumed samples:          512 | elapsed time per iteration (ms): 43841.2 | throughput per GPU (TFLOP/s/GPU): 307.5 | tokens/sec/GPU: 1495 | learning rate: 6.000000E-05 | global batch size:   256 | lm loss: 1.207040E+01 | loss scale: 1.0 | grad norm: 14.032 | number of skipped iterations:   0 | number of nan iterations:   0 |
3: [default3]:[Rank 15] (after 2 iterations) memory (MB) | allocated: 28710.55 | max allocated: 32548.77 | reserved: 32804.00 | max reserved: 32804.00
0: [default0]:Number of parameters in transformer block in billions:  32.46
0: [default0]:Number of parameters in embedding layers in billions: 0.62
0: [default0]:Total number of parameters in billions: 33.09
0: [default0]:Number of parameters in most loaded shard in billions: 2.1069
0: [default0]:Number of parameters in other shards in billions: 2.0290
0: [default0]:compute_activation_memory_without_sp
0: [default0]:Activation memory footprint per transformer layer (precise, without SP): 384.0 MB
0: [default0]:Number of in-flight microbatches: 4
0: [default0]:Theoretical memory footprints: weight and optimizer=36167.30 MB, activation=24292.93 MB, total=60460.23 MB
0: [default0]:
0: [default0]:[Rank 0] (after 2 iterations) memory (MB) | allocated: 28425.96 | max allocated: 41745.86 | reserved: 42438.00 | max reserved: 42438.00
3: [default2]:[Rank 14] (after 2 iterations) memory (MB) | allocated: 28710.55 | max allocated: 32548.77 | reserved: 32804.00 | max reserved: 32804.00
2: [default3]:[Rank 11] (after 2 iterations) memory (MB) | allocated: 27408.46 | max allocated: 34110.34 | reserved: 34398.00 | max reserved: 34398.00
2: [default1]:[Rank 9] (after 2 iterations) memory (MB) | allocated: 27408.46 | max allocated: 34110.34 | reserved: 34398.00 | max reserved: 34398.00
2: [default2]:[Rank 10] (after 2 iterations) memory (MB) | allocated: 27408.46 | max allocated: 34110.34 | reserved: 34414.00 | max reserved: 34414.00
2: [default0]:[Rank 8] (after 2 iterations) memory (MB) | allocated: 27408.46 | max allocated: 34110.34 | reserved: 34398.00 | max reserved: 34398.00
3: [default0]:[Rank 12] (after 2 iterations) memory (MB) | allocated: 28710.55 | max allocated: 32548.84 | reserved: 32804.00 | max reserved: 32804.00
0: [default1]:[Rank 1] (after 2 iterations) memory (MB) | allocated: 28425.96 | max allocated: 41745.86 | reserved: 42438.00 | max reserved: 42438.00
0: [default3]:[Rank 3] (after 2 iterations) memory (MB) | allocated: 28425.96 | max allocated: 41745.86 | reserved: 42438.00 | max reserved: 42438.00
3: [default1]:[Rank 13] (after 2 iterations) memory (MB) | allocated: 28710.55 | max allocated: 32548.77 | reserved: 32804.00 | max reserved: 32804.00
3: [default3]: [2026-05-13 20:02:41.191246] iteration        3/      60 | consumed samples:          768 | elapsed time per iteration (ms): 38271.5 | throughput per GPU (TFLOP/s/GPU): 352.3 | tokens/sec/GPU: 1712 | learning rate: 9.000000E-05 | global batch size:   256 | lm loss: 2.006060E+01 | loss scale: 1.0 | grad norm: 556.230 | number of skipped iterations:   0 | number of nan iterations:   0 |
3: [default3]: [2026-05-13 20:03:21.806248] iteration        4/      60 | consumed samples:         1024 | elapsed time per iteration (ms): 40614.8 | throughput per GPU (TFLOP/s/GPU): 331.9 | tokens/sec/GPU: 1614 | learning rate: 1.200000E-04 | global batch size:   256 | lm loss: 1.405688E+01 | loss scale: 1.0 | grad norm: 175.356 | number of skipped iterations:   0 | number of nan iterations:   0 |
3: [default3]: [2026-05-13 20:04:02.243230] iteration        5/      60 | consumed samples:         1280 | elapsed time per iteration (ms): 40436.8 | throughput per GPU (TFLOP/s/GPU): 333.4 | tokens/sec/GPU: 1621 | learning rate: 1.500000E-04 | global batch size:   256 | lm loss: 1.921491E+01 | loss scale: 1.0 | grad norm: 1022.052 | number of skipped iterations:   0 | number of nan iterations:   0 |
3: [default3]: [2026-05-13 20:04:39.380990] iteration        6/      60 | consumed samples:         1536 | elapsed time per iteration (ms): 37137.4 | throughput per GPU (TFLOP/s/GPU): 363.0 | tokens/sec/GPU: 1765 | learning rate: 1.800000E-04 | global batch size:   256 | lm loss: 2.715172E+01 | loss scale: 1.0 | grad norm: 751.355 | number of skipped iterations:   0 | number of nan iterations:   0 |
3: [default3]: [2026-05-13 20:05:14.696658] iteration        7/      60 | consumed samples:         1792 | elapsed time per iteration (ms): 35315.6 | throughput per GPU (TFLOP/s/GPU): 381.7 | tokens/sec/GPU: 1856 | learning rate: 2.100000E-04 | global batch size:   256 | lm loss: 1.453436E+01 | loss scale: 1.0 | grad norm: 9.849 | number of skipped iterations:   0 | number of nan iterations:   0 |
3: [default3]: [2026-05-13 20:05:50.290862] iteration        8/      60 | consumed samples:         2048 | elapsed time per iteration (ms): 35594.0 | throughput per GPU (TFLOP/s/GPU): 378.8 | tokens/sec/GPU: 1841 | learning rate: 2.400000E-04 | global batch size:   256 | lm loss: 2.507813E+01 | loss scale: 1.0 | grad norm: 70.714 | number of skipped iterations:   0 | number of nan iterations:   0 |
3: [default3]: [2026-05-13 20:06:27.361811] iteration        9/      60 | consumed samples:         2304 | elapsed time per iteration (ms): 37070.7 | throughput per GPU (TFLOP/s/GPU): 363.7 | tokens/sec/GPU: 1768 | learning rate: 2.700000E-04 | global batch size:   256 | lm loss: 2.060202E+01 | loss scale: 1.0 | grad norm: 72.998 | number of skipped iterations:   0 | number of nan iterations:   0 |
3: [default3]: [2026-05-13 20:07:02.492294] iteration       10/      60 | consumed samples:         2560 | elapsed time per iteration (ms): 35130.3 | throughput per GPU (TFLOP/s/GPU): 383.8 | tokens/sec/GPU: 1866 | learning rate: 3.000000E-04 | global batch size:   256 | lm loss: 1.483177E+01 | loss scale: 1.0 | grad norm: 68.821 | number of skipped iterations:   0 | number of nan iterations:   0 |
3: [default3]: [2026-05-13 20:07:37.553297] iteration       11/      60 | consumed samples:         2816 | elapsed time per iteration (ms): 35060.8 | throughput per GPU (TFLOP/s/GPU): 384.5 | tokens/sec/GPU: 1869 | learning rate: 3.000000E-04 | global batch size:   256 | lm loss: 1.233107E+01 | loss scale: 1.0 | grad norm: 23.942 | number of skipped iterations:   0 | number of nan iterations:   0 |
3: [default3]: [2026-05-13 20:08:13.260108] iteration       12/      60 | consumed samples:         3072 | elapsed time per iteration (ms): 35706.7 | throughput per GPU (TFLOP/s/GPU): 377.6 | tokens/sec/GPU: 1835 | learning rate: 3.000000E-04 | global batch size:   256 | lm loss: 1.134915E+01 | loss scale: 1.0 | grad norm: 6.629 | number of skipped iterations:   0 | number of nan iterations:   0 |
3: [default3]: [2026-05-13 20:08:47.744276] iteration       13/      60 | consumed samples:         3328 | elapsed time per iteration (ms): 34484.0 | throughput per GPU (TFLOP/s/GPU): 391.0 | tokens/sec/GPU: 1900 | learning rate: 3.000000E-04 | global batch size:   256 | lm loss: 1.352416E+01 | loss scale: 1.0 | grad norm: 75.334 | number of skipped iterations:   0 | number of nan iterations:   0 |
3: [default3]: [2026-05-13 20:09:21.992287] iteration       14/      60 | consumed samples:         3584 | elapsed time per iteration (ms): 34247.8 | throughput per GPU (TFLOP/s/GPU): 393.6 | tokens/sec/GPU: 1914 | learning rate: 3.000000E-04 | global batch size:   256 | lm loss: 1.347704E+01 | loss scale: 1.0 | grad norm: 60.092 | number of skipped iterations:   0 | number of nan iterations:   0 |
3: [default3]: [2026-05-13 20:09:56.307457] iteration       15/      60 | consumed samples:         3840 | elapsed time per iteration (ms): 34315.0 | throughput per GPU (TFLOP/s/GPU): 392.9 | tokens/sec/GPU: 1910 | learning rate: 3.000000E-04 | global batch size:   256 | lm loss: 1.159007E+01 | loss scale: 1.0 | grad norm: 41.545 | number of skipped iterations:   0 | number of nan iterations:   0 |
3: [default3]: [2026-05-13 20:10:31.550977] iteration       16/      60 | consumed samples:         4096 | elapsed time per iteration (ms): 35243.2 | throughput per GPU (TFLOP/s/GPU): 382.5 | tokens/sec/GPU: 1860 | learning rate: 3.000000E-04 | global batch size:   256 | lm loss: 1.132343E+01 | loss scale: 1.0 | grad norm: 8.289 | number of skipped iterations:   0 | number of nan iterations:   0 |
3: [default3]: [2026-05-13 20:11:06.176536] iteration       17/      60 | consumed samples:         4352 | elapsed time per iteration (ms): 34625.5 | throughput per GPU (TFLOP/s/GPU): 389.4 | tokens/sec/GPU: 1893 | learning rate: 3.000000E-04 | global batch size:   256 | lm loss: 1.096982E+01 | loss scale: 1.0 | grad norm: 6.730 | number of skipped iterations:   0 | number of nan iterations:   0 |
3: [default3]: [2026-05-13 20:11:41.490326] iteration       18/      60 | consumed samples:         4608 | elapsed time per iteration (ms): 35313.5 | throughput per GPU (TFLOP/s/GPU): 381.8 | tokens/sec/GPU: 1856 | learning rate: 3.000000E-04 | global batch size:   256 | lm loss: 1.031949E+01 | loss scale: 1.0 | grad norm: 6.496 | number of skipped iterations:   0 | number of nan iterations:   0 |
3: [default3]: [2026-05-13 20:12:15.551513] iteration       19/      60 | consumed samples:         4864 | elapsed time per iteration (ms): 34061.1 | throughput per GPU (TFLOP/s/GPU): 395.8 | tokens/sec/GPU: 1924 | learning rate: 3.000000E-04 | global batch size:   256 | lm loss: 9.741170E+00 | loss scale: 1.0 | grad norm: 9.547 | number of skipped iterations:   0 | number of nan iterations:   0 |
3: [default3]: [2026-05-13 20:12:50.291741] iteration       20/      60 | consumed samples:         5120 | elapsed time per iteration (ms): 34740.0 | throughput per GPU (TFLOP/s/GPU): 388.1 | tokens/sec/GPU: 1886 | learning rate: 3.000000E-04 | global batch size:   256 | lm loss: 9.504663E+00 | loss scale: 1.0 | grad norm: 24.936 | number of skipped iterations:   0 | number of nan iterations:   0 |
3: [default3]: [2026-05-13 20:13:23.908255] iteration       21/      60 | consumed samples:         5376 | elapsed time per iteration (ms): 33616.4 | throughput per GPU (TFLOP/s/GPU): 401.0 | tokens/sec/GPU: 1950 | learning rate: 3.000000E-04 | global batch size:   256 | lm loss: 9.420902E+00 | loss scale: 1.0 | grad norm: 22.451 | number of skipped iterations:   0 | number of nan iterations:   0 |
3: [default3]: [2026-05-13 20:13:58.411080] iteration       22/      60 | consumed samples:         5632 | elapsed time per iteration (ms): 34502.6 | throughput per GPU (TFLOP/s/GPU): 390.7 | tokens/sec/GPU: 1899 | learning rate: 3.000000E-04 | global batch size:   256 | lm loss: 9.158846E+00 | loss scale: 1.0 | grad norm: 11.990 | number of skipped iterations:   0 | number of nan iterations:   0 |
3: [default3]: [2026-05-13 20:14:32.836610] iteration       23/      60 | consumed samples:         5888 | elapsed time per iteration (ms): 34425.4 | throughput per GPU (TFLOP/s/GPU): 391.6 | tokens/sec/GPU: 1904 | learning rate: 3.000000E-04 | global batch size:   256 | lm loss: 9.009539E+00 | loss scale: 1.0 | grad norm: 19.411 | number of skipped iterations:   0 | number of nan iterations:   0 |
3: [default3]: [2026-05-13 20:15:06.645630] iteration       24/      60 | consumed samples:         6144 | elapsed time per iteration (ms): 33808.8 | throughput per GPU (TFLOP/s/GPU): 398.8 | tokens/sec/GPU: 1938 | learning rate: 3.000000E-04 | global batch size:   256 | lm loss: 8.888336E+00 | loss scale: 1.0 | grad norm: 16.652 | number of skipped iterations:   0 | number of nan iterations:   0 |
3: [default3]: [2026-05-13 20:15:40.704518] iteration       25/      60 | consumed samples:         6400 | elapsed time per iteration (ms): 34058.7 | throughput per GPU (TFLOP/s/GPU): 395.8 | tokens/sec/GPU: 1924 | learning rate: 3.000000E-04 | global batch size:   256 | lm loss: 8.653904E+00 | loss scale: 1.0 | grad norm: 10.788 | number of skipped iterations:   0 | number of nan iterations:   0 |
3: [default3]: [2026-05-13 20:16:14.959255] iteration       26/      60 | consumed samples:         6656 | elapsed time per iteration (ms): 34254.6 | throughput per GPU (TFLOP/s/GPU): 393.6 | tokens/sec/GPU: 1913 | learning rate: 3.000000E-04 | global batch size:   256 | lm loss: 8.335593E+00 | loss scale: 1.0 | grad norm: 5.203 | number of skipped iterations:   0 | number of nan iterations:   0 |
3: [default3]: [2026-05-13 20:16:53.035313] iteration       27/      60 | consumed samples:         6912 | elapsed time per iteration (ms): 38075.9 | throughput per GPU (TFLOP/s/GPU): 354.1 | tokens/sec/GPU: 1721 | learning rate: 3.000000E-04 | global batch size:   256 | lm loss: 8.048880E+00 | loss scale: 1.0 | grad norm: 10.301 | number of skipped iterations:   0 | number of nan iterations:   0 |
3: [default3]: [2026-05-13 20:17:26.727634] iteration       28/      60 | consumed samples:         7168 | elapsed time per iteration (ms): 33692.1 | throughput per GPU (TFLOP/s/GPU): 400.1 | tokens/sec/GPU: 1945 | learning rate: 3.000000E-04 | global batch size:   256 | lm loss: 8.264505E+00 | loss scale: 1.0 | grad norm: 24.667 | number of skipped iterations:   0 | number of nan iterations:   0 |
3: [default3]: [2026-05-13 20:18:00.168426] iteration       29/      60 | consumed samples:         7424 | elapsed time per iteration (ms): 33440.6 | throughput per GPU (TFLOP/s/GPU): 403.1 | tokens/sec/GPU: 1960 | learning rate: 3.000000E-04 | global batch size:   256 | lm loss: 8.127893E+00 | loss scale: 1.0 | grad norm: 9.148 | number of skipped iterations:   0 | number of nan iterations:   0 |
3: [default3]: [2026-05-13 20:18:37.791637] iteration       30/      60 | consumed samples:         7680 | elapsed time per iteration (ms): 37623.0 | throughput per GPU (TFLOP/s/GPU): 358.3 | tokens/sec/GPU: 1742 | learning rate: 3.000000E-04 | global batch size:   256 | lm loss: 8.112398E+00 | loss scale: 1.0 | grad norm: 5.998 | number of skipped iterations:   0 | number of nan iterations:   0 |
3: [default3]: [2026-05-13 20:19:11.974256] iteration       31/      60 | consumed samples:         7936 | elapsed time per iteration (ms): 34182.4 | throughput per GPU (TFLOP/s/GPU): 394.4 | tokens/sec/GPU: 1917 | learning rate: 3.000000E-04 | global batch size:   256 | lm loss: 8.032963E+00 | loss scale: 1.0 | grad norm: 7.378 | number of skipped iterations:   0 | number of nan iterations:   0 |
3: [default3]: [2026-05-13 20:19:45.953993] iteration       32/      60 | consumed samples:         8192 | elapsed time per iteration (ms): 33979.5 | throughput per GPU (TFLOP/s/GPU): 396.8 | tokens/sec/GPU: 1929 | learning rate: 3.000000E-04 | global batch size:   256 | lm loss: 7.904963E+00 | loss scale: 1.0 | grad norm: 5.218 | number of skipped iterations:   0 | number of nan iterations:   0 |
3: [default3]: [2026-05-13 20:20:19.426406] iteration       33/      60 | consumed samples:         8448 | elapsed time per iteration (ms): 33472.3 | throughput per GPU (TFLOP/s/GPU): 402.8 | tokens/sec/GPU: 1958 | learning rate: 3.000000E-04 | global batch size:   256 | lm loss: 7.889944E+00 | loss scale: 1.0 | grad norm: 3.615 | number of skipped iterations:   0 | number of nan iterations:   0 |
3: [default3]: [2026-05-13 20:20:53.800665] iteration       34/      60 | consumed samples:         8704 | elapsed time per iteration (ms): 34374.1 | throughput per GPU (TFLOP/s/GPU): 392.2 | tokens/sec/GPU: 1907 | learning rate: 3.000000E-04 | global batch size:   256 | lm loss: 7.889020E+00 | loss scale: 1.0 | grad norm: 9.344 | number of skipped iterations:   0 | number of nan iterations:   0 |
3: [default3]: [2026-05-13 20:21:28.351348] iteration       35/      60 | consumed samples:         8960 | elapsed time per iteration (ms): 34550.5 | throughput per GPU (TFLOP/s/GPU): 390.2 | tokens/sec/GPU: 1897 | learning rate: 3.000000E-04 | global batch size:   256 | lm loss: 7.913828E+00 | loss scale: 1.0 | grad norm: 8.954 | number of skipped iterations:   0 | number of nan iterations:   0 |
3: [default3]: [2026-05-13 20:22:02.297037] iteration       36/      60 | consumed samples:         9216 | elapsed time per iteration (ms): 33945.5 | throughput per GPU (TFLOP/s/GPU): 397.2 | tokens/sec/GPU: 1931 | learning rate: 3.000000E-04 | global batch size:   256 | lm loss: 7.894586E+00 | loss scale: 1.0 | grad norm: 7.309 | number of skipped iterations:   0 | number of nan iterations:   0 |
3: [default3]: [2026-05-13 20:22:36.759237] iteration       37/      60 | consumed samples:         9472 | elapsed time per iteration (ms): 34462.0 | throughput per GPU (TFLOP/s/GPU): 391.2 | tokens/sec/GPU: 1902 | learning rate: 3.000000E-04 | global batch size:   256 | lm loss: 7.817372E+00 | loss scale: 1.0 | grad norm: 4.067 | number of skipped iterations:   0 | number of nan iterations:   0 |
3: [default3]: [2026-05-13 20:23:11.120056] iteration       38/      60 | consumed samples:         9728 | elapsed time per iteration (ms): 34360.6 | throughput per GPU (TFLOP/s/GPU): 392.4 | tokens/sec/GPU: 1907 | learning rate: 3.000000E-04 | global batch size:   256 | lm loss: 7.732448E+00 | loss scale: 1.0 | grad norm: 6.296 | number of skipped iterations:   0 | number of nan iterations:   0 |
3: [default3]: [2026-05-13 20:23:44.654422] iteration       39/      60 | consumed samples:         9984 | elapsed time per iteration (ms): 33534.2 | throughput per GPU (TFLOP/s/GPU): 402.0 | tokens/sec/GPU: 1954 | learning rate: 3.000000E-04 | global batch size:   256 | lm loss: 7.786926E+00 | loss scale: 1.0 | grad norm: 8.189 | number of skipped iterations:   0 | number of nan iterations:   0 |
3: [default3]: [2026-05-13 20:24:19.333318] iteration       40/      60 | consumed samples:        10240 | elapsed time per iteration (ms): 34678.7 | throughput per GPU (TFLOP/s/GPU): 388.8 | tokens/sec/GPU: 1890 | learning rate: 3.000000E-04 | global batch size:   256 | lm loss: 7.801132E+00 | loss scale: 1.0 | grad norm: 5.965 | number of skipped iterations:   0 | number of nan iterations:   0 |
3: [default3]: [2026-05-13 20:24:53.243642] iteration       41/      60 | consumed samples:        10496 | elapsed time per iteration (ms): 33910.2 | throughput per GPU (TFLOP/s/GPU): 397.6 | tokens/sec/GPU: 1933 | learning rate: 3.000000E-04 | global batch size:   256 | lm loss: 7.703983E+00 | loss scale: 1.0 | grad norm: 4.173 | number of skipped iterations:   0 | number of nan iterations:   0 |
3: [default3]: [2026-05-13 20:25:27.400020] iteration       42/      60 | consumed samples:        10752 | elapsed time per iteration (ms): 34156.2 | throughput per GPU (TFLOP/s/GPU): 394.7 | tokens/sec/GPU: 1919 | learning rate: 3.000000E-04 | global batch size:   256 | lm loss: 7.690659E+00 | loss scale: 1.0 | grad norm: 3.369 | number of skipped iterations:   0 | number of nan iterations:   0 |
3: [default3]: [2026-05-13 20:26:02.493194] iteration       43/      60 | consumed samples:        11008 | elapsed time per iteration (ms): 35093.0 | throughput per GPU (TFLOP/s/GPU): 384.2 | tokens/sec/GPU: 1867 | learning rate: 3.000000E-04 | global batch size:   256 | lm loss: 7.708887E+00 | loss scale: 1.0 | grad norm: 4.713 | number of skipped iterations:   0 | number of nan iterations:   0 |
3: [default3]: [2026-05-13 20:26:36.668900] iteration       44/      60 | consumed samples:        11264 | elapsed time per iteration (ms): 34175.5 | throughput per GPU (TFLOP/s/GPU): 394.5 | tokens/sec/GPU: 1918 | learning rate: 3.000000E-04 | global batch size:   256 | lm loss: 7.622987E+00 | loss scale: 1.0 | grad norm: 5.236 | number of skipped iterations:   0 | number of nan iterations:   0 |
3: [default3]: [2026-05-13 20:27:10.554950] iteration       45/      60 | consumed samples:        11520 | elapsed time per iteration (ms): 33885.9 | throughput per GPU (TFLOP/s/GPU): 397.9 | tokens/sec/GPU: 1934 | learning rate: 3.000000E-04 | global batch size:   256 | lm loss: 7.688754E+00 | loss scale: 1.0 | grad norm: 4.541 | number of skipped iterations:   0 | number of nan iterations:   0 |
3: [default3]: [2026-05-13 20:27:44.768332] iteration       46/      60 | consumed samples:        11776 | elapsed time per iteration (ms): 34213.2 | throughput per GPU (TFLOP/s/GPU): 394.0 | tokens/sec/GPU: 1916 | learning rate: 3.000000E-04 | global batch size:   256 | lm loss: 7.676707E+00 | loss scale: 1.0 | grad norm: 4.631 | number of skipped iterations:   0 | number of nan iterations:   0 |
3: [default3]: [2026-05-13 20:28:20.154247] iteration       47/      60 | consumed samples:        12032 | elapsed time per iteration (ms): 35385.8 | throughput per GPU (TFLOP/s/GPU): 381.0 | tokens/sec/GPU: 1852 | learning rate: 3.000000E-04 | global batch size:   256 | lm loss: 7.676817E+00 | loss scale: 1.0 | grad norm: 3.458 | number of skipped iterations:   0 | number of nan iterations:   0 |
3: [default3]: [2026-05-13 20:28:54.402931] iteration       48/      60 | consumed samples:        12288 | elapsed time per iteration (ms): 34248.5 | throughput per GPU (TFLOP/s/GPU): 393.6 | tokens/sec/GPU: 1914 | learning rate: 3.000000E-04 | global batch size:   256 | lm loss: 7.684277E+00 | loss scale: 1.0 | grad norm: 2.985 | number of skipped iterations:   0 | number of nan iterations:   0 |
3: [default3]: [2026-05-13 20:29:28.300096] iteration       49/      60 | consumed samples:        12544 | elapsed time per iteration (ms): 33897.0 | throughput per GPU (TFLOP/s/GPU): 397.7 | tokens/sec/GPU: 1933 | learning rate: 3.000000E-04 | global batch size:   256 | lm loss: 7.605657E+00 | loss scale: 1.0 | grad norm: 3.920 | number of skipped iterations:   0 | number of nan iterations:   0 |
0: slurmstepd: error: *** STEP 2178934.0 ON nid006127 CANCELLED AT 2026-05-13T20:29:34 DUE TO TIME LIMIT ***
slurmstepd: error: *** JOB 2178934 ON nid006127 CANCELLED AT 2026-05-13T20:29:34 DUE TO TIME LIMIT ***
0: W0513 20:29:34.026000 258393 torch/distributed/elastic/agent/server/api.py:739] Received 15 death signal, shutting down workers
2: W0513 20:29:34.025000 121780 torch/distributed/elastic/agent/server/api.py:739] Received 15 death signal, shutting down workers
3: W0513 20:29:34.026000 220508 torch/distributed/elastic/agent/server/api.py:739] Received 15 death signal, shutting down workers
0: W0513 20:29:34.026000 258393 torch/distributed/elastic/multiprocessing/api.py:1010] Sending process 258845 closing signal SIGTERM
1: W0513 20:29:34.026000 212746 torch/distributed/elastic/agent/server/api.py:739] Received 15 death signal, shutting down workers
1: W0513 20:29:34.027000 212746 torch/distributed/elastic/multiprocessing/api.py:1010] Sending process 213154 closing signal SIGTERM
2: W0513 20:29:34.027000 121780 torch/distributed/elastic/multiprocessing/api.py:1010] Sending process 122176 closing signal SIGTERM
3: W0513 20:29:34.027000 220508 torch/distributed/elastic/multiprocessing/api.py:1010] Sending process 220898 closing signal SIGTERM
0: W0513 20:29:34.030000 258393 torch/distributed/elastic/multiprocessing/api.py:1010] Sending process 258846 closing signal SIGTERM
1: W0513 20:29:34.030000 212746 torch/distributed/elastic/multiprocessing/api.py:1010] Sending process 213155 closing signal SIGTERM
2: W0513 20:29:34.030000 121780 torch/distributed/elastic/multiprocessing/api.py:1010] Sending process 122177 closing signal SIGTERM
3: W0513 20:29:34.031000 220508 torch/distributed/elastic/multiprocessing/api.py:1010] Sending process 220899 closing signal SIGTERM
0: W0513 20:29:34.034000 258393 torch/distributed/elastic/multiprocessing/api.py:1010] Sending process 258847 closing signal SIGTERM
2: W0513 20:29:34.034000 121780 torch/distributed/elastic/multiprocessing/api.py:1010] Sending process 122176 closing signal SIGTERM
srun: Job step aborted: Waiting up to 32 seconds for job step to finish.
0: [default0]:Stack (most recent call first):
0: [default0]:  File "/usr/local/lib/python3.12/dist-packages/torch/autograd/function.py", line 583 in apply
0: [default0]:  File "/usr/local/lib/python3.12/dist-packages/transformer_engine/pytorch/module/layernorm_linear.py", line 1589 in forward
0: [default0]:  File "/usr/local/lib/python3.12/dist-packages/torch/_dynamo/eval_frame.py", line 1154 in _fn
0: [default0]:  File "/iopsstor/scratch/cscs/course_00326/lsaie-ss26-gipfelsturm/Megatron-LM/megatron/core/extensions/transformer_engine.py", line 898 in forward
0: [default0]:  File "/usr/local/lib/python3.12/dist-packages/torch/nn/modules/module.py", line 1830 in inner
0: [default0]:  File "/usr/local/lib/python3.12/dist-packages/torch/nn/modules/module.py", line 1882 in _call_impl
0: [default0]:  File "/usr/local/lib/python3.12/dist-packages/torch/nn/modules/module.py", line 1776 in _wrapped_call_impl
0: [default0]:  File "/iopsstor/scratch/cscs/course_00326/lsaie-ss26-gipfelsturm/Megatron-LM/megatron/core/transformer/mlp.py", line 159 in forward
0: [default0]:  File "/usr/local/lib/python3.12/dist-packages/torch/nn/modules/module.py", line 1830 in inner
0: [default0]:  File "/usr/local/lib/python3.12/dist-packages/torch/nn/modules/module.py", line 1882 in _call_impl
0: [default0]:  File "/usr/local/lib/python3.12/dist-packages/torch/nn/modules/module.py", line 1776 in _wrapped_call_impl
0: [default0]:  File "/iopsstor/scratch/cscs/course_00326/lsaie-ss26-gipfelsturm/Megatron-LM/megatron/core/transformer/transformer_layer.py", line 756 in _forward_mlp
0: [default0]:  File "/iopsstor/scratch/cscs/course_00326/lsaie-ss26-gipfelsturm/Megatron-LM/megatron/core/transformer/transformer_layer.py", line 514 in forward
0: [default0]:  File "/usr/local/lib/python3.12/dist-packages/torch/nn/modules/module.py", line 1830 in inner
0: [default0]:  File "/usr/local/lib/python3.12/dist-packages/torch/nn/modules/module.py", line 1882 in _call_impl
0: [default0]:  File "/usr/local/lib/python3.12/dist-packages/torch/nn/modules/module.py", line 1776 in _wrapped_call_impl
0: [default0]:  File "/iopsstor/scratch/cscs/course_00326/lsaie-ss26-gipfelsturm/Megatron-LM/megatron/core/transformer/module.py", li
0: ne 352 in __call__
0: [default0]:  File "/iopsstor/scratch/cscs/course_00326/lsaie-ss26-gipfelsturm/Megatron-LM/megatron/core/transformer/transformer_layer.py", line 1217 in __call__
0: [default0]:  File "/iopsstor/scratch/cscs/course_00326/lsaie-ss26-gipfelsturm/Megatron-LM/megatron/core/transformer/transformer_block.py", line 765 in forward
0: [default0]:  File "/usr/local/lib/python3.12/dist-packages/torch/nn/modules/module.py", line 1830 in inner
0: [default0]:  File "/usr/local/lib/python3.12/dist-packages/torch/nn/modules/module.py", line 1882 in _call_impl
0: [default0]:  File "/usr/local/lib/python3.12/dist-packages/torch/nn/modules/module.py", line 1776 in _wrapped_call_impl
0: [default0]:  File "/iopsstor/scratch/cscs/course_00326/lsaie-ss26-gipfelsturm/Megatron-LM/megatron/core/transformer/module.py", line 352 in __call__
0: [default0]:  File "/iopsstor/scratch/cscs/course_00326/lsaie-ss26-gipfelsturm/Megatron-LM/megatron/core/transformer/transformer_block.py", line 619 in __call__
0: [default0]:  File "/iopsstor/scratch/
0: cscs/course_00326/lsaie-ss26-gipfelsturm/Megatron-LM/megatron/core/models/gpt/gpt_model.py", line 525 in forward
0: [default0]:  File "/usr/local/lib/python3.12/dist-packages/torch/nn/modules/module.py", line 1830 in inner
0: [default0]:  File "/usr/local/lib/python3.12/dist-packages/torch/nn/modules/module.py", line 1882 in _call_impl
0: [default0]:  File "/usr/local/lib/python3.12/dist-packages/torch/nn/modules/module.py", line 1776 in _wrapped_call_impl
0: [default0]:  File "/iopsstor/scratch/cscs/course_00326/lsaie-ss26-gipfelsturm/Megatron-LM/megatron/core/transformer/module.py", line 489 in forward
0: [default0]:  File "/usr/local/lib/python3.12/dist-packages/torch/nn/modules/module.py", line 1830 in inner
0: [default0]:  File "/usr/local/lib/python3.12/dist-packages/torch/nn/modules/module.py", line 1882 in _call_impl
0: [default0]:  File "/usr/local/lib/python3.12/dist-packages/torch/nn/modules/module.py", line 1776 in _wrapped_call_impl
0: [default0]:  File "/iopsstor/scratch/cscs/course_00326/lsaie-ss26-gipfelsturm/Megatron-LM/megatron/core/distributed/data_parallel_base.py", line 22 in forward
0: [default0]:  File "/usr/local/lib/python3.12/dist-packages/torch/nn/modules/module.py", line 1787 in _call_impl
0: [default0]:  File "/usr/local/lib/python3.12/dist-packages/torch/nn/modules/module.py", line 1776 in _wrapped_call_impl
0: [default0]:  File "/users/
0: course_00326/scratch/lsaie-ss26-gipfelsturm/Megatron-LM/pretrain_gpt.py", line 197 in forward_step
0: [default0]:  File "/iopsstor/scratch/cscs/course_00326/lsaie-ss26-gipfelsturm/Megatron-LM/megatron/core/pipeline_parallel/schedules.py", line 423 in forward_step
0: [default0]:  File "/iopsstor/scratch/cscs/course_00326/lsaie-ss26-gipfelsturm/Megatron-LM/megatron/core/pipeline_parallel/schedules.py", line 2202 in forward_backward_pipelining_without_interleaving
0: [default0]:  File "/iopsstor/scratch/cscs/course_00326/lsaie-ss26-gipfelsturm/Megatron-LM/megatron/training/training.py", line 1652 in train_step
0: [default0]:  File "/iopsstor/scratch/cscs/course_00326/lsaie-ss26-gipfelsturm/Megatron-LM/megatron/training/training.py", line 2801 in train
0: [default0]:  File "/iopsstor/scratch/cscs/course_00326/lsaie-ss26-gipfelsturm/Megatron-LM/megatron/training/training.py", line 1031 in pretrain
0: [default0]:  File "/users/course_00326/scratch/lsaie-ss26-gipfelsturm/Megatron-LM/pretrain_gpt.py", line 342 in <module>
1: W0513 20:29:34.035000 212746 torch/distributed/elastic/multiprocessing/api.py:1010] Sending process 213154 closing signal SIGTERM
3: W0513 20:29:34.036000 220508 torch/distributed/elastic/multiprocessing/api.py:1010] Sending process 220898 closing signal SIGTERM
2: W0513 20:29:34.036000 121780 torch/distributed/elastic/multiprocessing/api.py:1010] Sending process 122177 closing signal SIGTERM
2: W0513 20:29:34.037000 121780 torch/distributed/elastic/multiprocessing/api.py:1010] Sending process 122178 closing signal SIGTERM
1: W0513 20:29:34.037000 212746 torch/distributed/elastic/multiprocessing/api.py:1010] Sending process 213155 closing signal SIGTERM
3: W0513 20:29:34.037000 220508 torch/distributed/elastic/multiprocessing/api.py:1010] Sending process 220899 closing signal SIGTERM
1: W0513 20:29:34.037000 212746 torch/distributed/elastic/multiprocessing/api.py:1010] Sending process 213156 closing signal SIGTERM
0: W0513 20:29:34.038000 258393 torch/distributed/elastic/multiprocessing/api.py:1010] Sending process 258848 closing signal SIGTERM
3: W0513 20:29:34.038000 220508 torch/distributed/elastic/multiprocessing/api.py:1010] Sending process 220900 closing signal SIGTERM
2: W0513 20:29:34.039000 121780 torch/distributed/elastic/multiprocessing/api.py:1010] Sending process 122179 closing signal SIGTERM
1: W0513 20:29:34.042000 212746 torch/distributed/elastic/multiprocessing/api.py:1010] Sending process 213157 closing signal SIGTERM
3: W0513 20:29:34.042000 220508 torch/distributed/elastic/multiprocessing/api.py:1010] Sending process 220901 closing signal SIGTERM
3: [default1]:Stack (most recent call first):
3: [default1]:  File "/usr/local/lib/python3.12/dist-packages/transformer_engine/pytorch/cpp_extensions/gemm.py", line 205 in general_gemm
3: [default1]:  File "/usr/local/lib/python3.12/dist-packages/transformer_engine/pytorch/module/linear.py", line 324 in forward
3: [default1]:  File "/usr/local/lib/python3.12/dist-packages/torch/autograd/function.py", line 583 in apply
3: [default1]:  File "/usr/local/lib/python3.12/dist-packages/transformer_engine/pytorch/module/linear.py", line 1468 in forward
3: [default1]:  File "/usr/local/lib/python3.12/dist-packages/torch/_dynamo/eval_frame.py", line 1154 in _fn
3: [default1]:  File "/iopsstor/scratch/cscs/course_00326/lsaie-ss26-gipfelsturm/Megatron-LM/megatron/core/extensions/transformer_engine.py", line 677 in forward
3: [default1]:  File "/usr/local/lib/python3.12/dist-packages/torch/nn/modules/module.py", line 1830 in inner
3: [default1]:  File "/usr/local/lib/python3.12/dist-packages/torch/nn/modules/module.py", line 1882 in _call_impl
3: [default1]:  File "/usr/local/lib/python3.12/dist-packages/torch/nn/modules/module.py", line 1776 in _wrapped_call_impl
3: [default1]:  File "/iopsstor/scratch/cscs/course_00326/lsaie-ss26-gipfelsturm/Megatron-LM/megatron/core/transformer/mlp.py", line 241 in forward
3: [default1]:  File "/usr/local/lib/python3.12/dist-packages/torch/nn/modules/module.py", line 1830 in inner
3: [default1]:  File "/usr/local/lib/python3.12/dist-packages/torch/nn/modules/module.py", line 1882 in _call_impl
3: [default1]:  File "/usr/local/lib/python3.12/dist-packages/torch/nn/modules/module.py", line 1776 in _wrapped_call_impl
3: [default1]:  File "/iopsstor/scratch/cscs/course_00326/lsaie-ss26-gipfelsturm/Megatron-LM/megatron/core/transformer/transformer_layer.py", line 756 in _forward_mlp
3: [default1]:  File "/iopsstor/scratch/cscs/course_00326/lsaie-ss26-gipfelsturm/Megatron-LM/megatron/core/transformer/transformer_layer.py", line 514 in forward
3: [default1]:  File "/usr/local/lib/python3.12/dist-packages/torch/nn/modules/module.py", line 1830 in inner
3: [default1]:  File "/usr/local/lib/python3.12/dist-packages/torch/nn/modules/module.py", line 1882 in _call_imp
0: W0513 20:29:34.047000 258393 torch/distributed/elastic/multiprocessing/api.py:1010] Sending process 258846 closing signal SIGTERM
3: l
3: [default1]:  File "/usr/local/lib/python3.12/dist-packages/torch/nn/modules/module.py", line 1776 in _wrapped_call_impl
3: [default1]:  File "/iopsstor/scratch/cscs/course_00326/lsaie-ss26-gipfelsturm/Megatron-LM/megatron/core/transformer/module.py", line 352 in __call__
3: [default1]:  File "/iopsstor/scratch/cscs/course_00326/lsaie-ss26-gipfelsturm/Megatron-LM/megatron/core/transformer/transformer_layer.py", line 1217 in __call__
3: [default1]:  File "/iopsstor/scratch/cscs/course_00326/lsaie-ss26-gipfelsturm/Megatron-LM/megatron/core/transformer/transformer_block.py", line 765 in forward
3: [default1]:  File "/usr/local/lib/python3.12/dist-packages/torch/nn/modules/module.py", line 1830 in inner
3: [default1]:  File "/usr/local/lib/python3.12/dist-packages/torch/nn/modules/module.py", line 1882 in _call_impl
3: [default1]:  File "/usr/local/lib/python3.12/dist-packages/torch/nn/modules/module.py", line 1776 in _wrapped_call_impl
3: [default1]:  File "/iopsstor/scratch/cscs/course_00326/lsaie-ss26-gipfelsturm/Megatron-LM/megatron/core/transformer/module.py", line 352 in __call__
3: [default1]:  File "/iopsstor/scratch/cscs/course_00326/lsaie-ss26-gipfelsturm/Megatron-LM/megatron/core/transformer/transformer_block.py", line 619 in __call__
3: [default1]:  File "/iopsstor/scratch/cscs/course_00326/lsaie-ss26-gipfelsturm/Megatron-LM/megatron/core/models/gpt/gpt_model.py", line 525 in forward
3: [default1]:  File "/usr/local/lib/python3.12/dist-packages/torch/nn/modules/module.py", line 1830 in inner
3: [default1]:  File "/usr/local/lib/python3.12/dist-packages/torch/nn/modules/module.py", line 1882 in _call_impl
3: [default1]:  File "/usr/local/lib/python3.12/dist-packages/torch/nn/modules/module.py", line 1776 in _wrapped_call_impl
3: [default1]:  File "/iopsstor/scratch/cscs/course_00326/lsaie-ss26-gipfelsturm/Megatron-LM/megatron/core/transformer/module.py", line 489 in forward
3: [default1]:  File "/usr/local/lib/python3.12/dist-packages/torch/nn/modules/module.py", line 1830 in inner
3: [default1]:  File "/usr/local/lib/python3.12/dist-packages/torch/nn/modules/module.py", line 1882 in _call_impl
3: [default1]:  File "/usr/local/lib/python3.12/dist-packages/torch/nn/modules/module.py", line 1776 in _wrapped_call_impl
3: [default1]:  File "/iopsstor/scratch/cscs/course_00326/lsaie-ss26-gipfelsturm/Megatron-LM/megatron/core/distributed/data_parallel_base.py", line 22 in forward
0: [default1]:Stack (most recent call first):
3: [default1]:  File "/usr/local/lib/python3.12/dist-packages/torch/nn/modules/module.py", line 1787 in _call_impl
3: [default1]:  File "/usr/local/lib/python3.12/dist-packages/torch/nn/modules/module.py", line 1776 in _wrapped_call_impl
3: [default1]:  File "/users/course_00326/scratch/lsaie-ss26-gipfelsturm/Megatron-LM/pretrain_gpt.py", line 197 in forward_step
0: [default1]:  File "/usr/local/lib/python3.12/dist-packages/transformer_engine/pytorch/cpp_extensions/gemm.py", line 205 in general_gemm
0: [default1]:  File "/usr/local/lib/python3.12/dist-packages/transformer_engine/pytorch/module/linear.py", line 324 in forward
3: [default1]:  File "/iopsstor/scratch/cscs/course_00326/lsaie-ss26-gipfelsturm/Megatron-LM/megatron/core/pipeline_parallel/schedules.py", line 423 in forward_step
3: [default1]:  File "/iopsstor/scratch/cscs/course_00326/lsaie-ss26-gipfelsturm/Megatron-LM/megatron/core/pipeline_parallel/schedules.py", line 2202 in forward_backward_pipelining_without_interleaving
3: [default1]:  File "/iopsstor/scratch/cscs/course_00326/lsaie-ss26-gipfelsturm/Megatron-LM/megatron/training/training.py", line 1652 in train_step
3: [default1]:  File "/iopsstor/scratch/cscs/course_00326/lsaie-ss26-gipfelsturm/Megatron-LM/megatron/training/training.py", line 2801 in train
3: [default1]:  File "/iopsstor/scratch/cscs/course_00326/lsaie-ss26-gipfelsturm/Megatron-LM/megatron/training/training.py", line 1031 in pretrain
3: [default1]:  File "/users/course_00326/scratch/lsaie-ss26-gipfelsturm/Megatron-LM/pretrain_gpt.py", line 342 in <module>
0: [default1]:  File "/usr/local/lib/python3.12/dist-packages/torch/autograd/function.py", line 583 in apply
0: [default1]:  File "/usr/local/lib/python3.12/dist-packages/transformer_engine/pytorch/module/linear.py", line 1468 in forward
0: [default1]:  File "/usr/local/lib/python3.12/dist-packages/torch/_dynamo/eval_frame.py", line 1154 in _fn
0: [default1]:  File "/iopsstor/scratch/cscs/course_00326/lsaie-ss26-gipfelsturm/Megatron-LM/megatron/core/extensions/transformer_engine.py", line 677 in forward
0: [default1]:  File "/usr/local/lib/python3.12/dist-packages/torch/nn/modules/module.py", line 1830 in inner
0: [default1]:  File "/usr/local/lib/python3.12/dist-packages/torch/nn/modules/module.py", line 1882 in _call_impl
0: [default1]:  File "/usr/local/lib/python3.12/dist-packages/torch/nn/modules/module.py", line 1776 in _wrapped_call_impl
0: [default1]:  File "/iopsstor/scratch/cscs/course_00326/lsaie-ss26-gipfelsturm/Megatron-LM/megatron/core/transformer/mlp.py", line 241 in forward
0: [default1]:  File "/usr/local/lib/python3.12/dist-packages/torch/nn/modules/module.py", line 1830 in inner
0: [default1]:  File "/usr/local/lib/python3.12/dist-packages/torch/nn/modules/module.py", line 1882 in _call_impl
0: [default1]:  File "/usr/local/lib/python3.12/dist-packages/torch/nn/modules/module.py", line 1776 in _wrapped_call_impl
0: [default1]:  File "/iopsstor/scratch/cscs/course_00326/lsaie-ss26-gipfelsturm/Megatron-LM/megatron/core/transformer/transformer_layer.py", line 756 in _forward_mlp
0: [default1]:  File "/iopsstor/scratch/cscs/course_00326/lsaie-ss26-gipfelsturm/Megatron-LM/megatron/core/transformer/transformer_layer.py", line 514 in forward
0: [default1]:  File "/usr/local/lib/python3.12/dist-packages/torch/nn/modules/module.py", line 1830 in inner
0: [default1]:  File "/usr/local/lib/python3.12/dist-packages/torch/nn/modules/module.py", line 1882 in _call_impl
0: [default1]:  File "/usr/local/lib/python3.12/dist-packages/torch/nn/modules/module.py", line 1776 in _wrapped_call_impl
0: [default1]:  File "/iopsstor/scratch/cscs/course_00326/lsaie-ss26-gipfelsturm/Megatron-LM/megatron/core/transformer/module.py", line 352 in __call__
0: [default1]:  File "/iopsstor/scratch/cscs/course_00326/lsaie-ss26-gipfelsturm/Megatron-LM/megatron/core/transformer/transformer_layer.py", line 1217 in __call__
0: W0513 20:29:34.047000 258393 torch/distributed/elastic/multiprocessing/api.py:1010] Sending process 258847 closing signal SIGTERM
0: [default1]:  File "/iopsstor/scratch/cscs/course_00326/lsaie-ss26-gipfelsturm/Megatron-LM/megatron/core/transformer/transformer_block.py", line 765 in forward
0: [default1]:  File "/usr/local/lib/python3.12/dist-packages/torch/nn/modules/module.py", line 1830 in inner
0: [default1]:  File "/usr/local/lib/python3.12/dist-packages/torch/nn/modules/module.py", line 1882 in _call_impl
0: [default1]:  File "/usr/local/lib/python3.12/dist-packages/torch/nn/modules/module.py", line 1776 in _wrapped_call_impl
0: [default1]:  File "/iopsstor/scratch/cscs/course_00326/lsaie-ss26-gipfelsturm/Megatron-LM/megatron/core/transformer/module.py", line 352 in __call__
0: [default1]:  File "/iopsstor/scratch/cscs/course_00326/lsaie-ss26-gipfelsturm/Megatron-LM/megatron/core/transformer/transformer_block.py", line 619 in __call__
0: [default1]:  File "/iopsstor/scratch/cscs/course_00326/lsaie-ss26-gipfelsturm/Megatron-LM/megatron/core/models/gpt/gpt_model.py", line 525 in forward
0: [default1]:  File "/usr/local/lib/python3.12/dist-packages/torch/nn/modules/module.py", line 1830 in inner
0: [default1]:  File "/usr/local/lib/python3.12/dist-packages/torch/nn/modules/module.py", line 1882 in _call_impl
0: [default1]:  File "/usr/local/lib/python3.12/dist-packages/torch/nn/modules/module.py", line 1776 in _wrapped_call_impl
0: W0513 20:29:34.048000 258393 torch/distributed/elastic/multiprocessing/api.py:1010] Sending process 258848 closing signal SIGTERM
0: [default1]:  File "/iopsstor/scratch/cscs/course_00326/lsaie-ss26-gipfelsturm/Megatron-LM/megatron/core/transformer/module.py", line 489 in forward
0: [default1]:  File "/usr/local/lib/python3.12/dist-packages/torch/nn/modules/module.py", line 1830 in inner
0: [default1]:  File "/usr/local/lib/python3.12/dist-packages/torch/nn/modules/module.py", line 1882 in _call_impl
0: [default1]:  File "/usr/local/lib/python3.12/dist-packages/torch/nn/modules/module.py", line 1776 in _wrapped_call_impl
0: [default1]:  File "/iopsstor/scratch/cscs/course_00326/lsaie-ss26-gipfelsturm/Megatron-LM/megatron/core/distributed/data_parallel_base.py", line 22 in forward
0: [default1]:  File "/usr/local/lib/python3.12/dist-packages/torch/nn/modules/module.py", line 1787 in _call_impl
0: [default1]:  File "/usr/local/lib/python3.12/dist-packages/torch/nn/modules/module.py", line 1776 in _wrapped_call_impl
0: [default1]:  File "/users/course_00326/scratch/lsaie-ss26-gipfelsturm/Megatron-LM/pretrain_gpt.py", line 197 in forward_step
0: [default1]:  File "/iopsstor/scratch/cscs/course_00326/lsaie-ss26-gipfelsturm/Megatron-LM/megatron/core/pipeline_parallel/schedules.py", line 423 in forward_step
0: [default1]:  File "/iopsstor/scratch/cscs/course_00326/lsaie-ss26-gipfelsturm/Megatron-LM/megatron/core/pipeline_parallel/schedules.py", line 2202 in forward_backward_pipelining_without_interleaving
0: [default1]:  File "/iopsstor/scratch/cscs/course_00326/lsaie-ss26-gipfelsturm/Megatron-LM/megatron/training/training.py", line 1652 in train_step
0: [default1]:  File "/iopsstor/scratch/cscs/course_00326/lsaie-ss26-gipfelsturm/Megatron-LM/megatron/training/training.py", line 2801 in train
0: [default1]:  File "/iopsstor/scratch/cscs/course_00326/lsaie-ss26-gipfelsturm/Megatron-LM/megatron/training/training.py", line 1031 in pretrain
0: [default1]:  File "/users/course_00326/scratch/lsaie-ss26-gipfelsturm/Megatron-LM/pretrain_gpt.py", line 342 in <module>
1: [default2]:Stack (most recent call first):
1: [default2]:  File "/usr/local/lib/python3.12/dist-packages/torch/cuda/__init__.py", line 1108 in synchronize
1: [default2]:  File "/iopsstor/scratch/cscs/course_00326/lsaie-ss26-gipfelsturm/Megatron-LM/megatron/core/pipeline_parallel/p2p_communication.py", line 398 in _communicate
1: [default2]:  File "/iopsstor/scratch/cscs/course_00326/lsaie-ss26-gipfelsturm/Megatron-LM/megatron/core/pipeline_parallel/p2p_communication.py", line 557 in send_backward_recv_forward
1: [default2]:  File "/iopsstor/scratch/cscs/course_00326/lsaie-ss26-gipfelsturm/Megatron-LM/megatron/core/pipeline_parallel/schedules.py", line 2260 in forward_backward_pipelining_without_interleaving
1: [default2]:  File "/iopsstor/scratch/cscs/course_00326/lsaie-ss26-gipfelsturm/Megatron-LM/megatron/training/training.py", line 1652 in train_step
1: [default2]:  File "/iopsstor/scratch/cscs/course_00326/lsaie-ss26-gipfelsturm/Megatron-LM/megatron/training/training.py", line 2801 in train
1: [default2]:  File "/iopsstor/scr
1: atch/cscs/course_00326/lsaie-ss26-gipfelsturm/Megatron-LM/megatron/training/training.py", line 1031 in pretrain
1: [default2]:  File "/users/course_00326/scratch/lsaie-ss26-gipfelsturm/Megatron-LM/pretrain_gpt.py", line 342 in <module>
0: [default3]:Stack (most recent call first):
0: [default3]:  File "/usr/local/lib/python3.12/dist-packages/transformer_engine/pytorch/attention/rope.py", line 142 in forward
0: [default3]:  File "/usr/local/lib/python3.12/dist-packages/torch/autograd/function.py", line 583 in apply
0: [default3]:  File "/usr/local/lib/python3.12/dist-packages/transformer_engine/pytorch/attention/rope.py", line 406 in apply_rotary_pos_emb
0: [default3]:  File "/iopsstor/scratch/cscs/course_00326/lsaie-ss26-gipfelsturm/Megatron-LM/megatron/core/extensions/transformer_engine.py", line 2353 in fused_apply_rotary_pos_emb
0: [default3]:  File "/iopsstor/scratch/cscs/course_00326/lsaie-ss26-gipfelsturm/Megatron-LM/megatron/core/models/common/embeddings/rope_utils.py", line 287 in apply_rotary_pos_emb
0: [default3]:  File "/iopsstor/scratch/cscs/course_00326/lsaie-ss26-gipfelsturm/Megatron-LM/megatron/core/transformer/attention.py", line 1097 in forward
0: [default3]:  File "/usr/local/lib/python3.12/dist-packages/torch/nn/modules/module.py", line 1830 in inner
0: [default3]:  File "/usr/local/lib/python3.12/dist-packages/torch/nn/modules/module.py", line 1882 in _call_impl
0: [default3]:  File "/usr/local/lib/python3.12/dist-packages/torch/nn/modules/module.py", line 1776 in _wrapped_call_impl
0: [default3]:  File "/iopsstor/scratch/cscs/course_00326/lsaie-ss26-gipfelsturm/Megatron-LM/megatron/core/transformer/transformer_layer.py", line 597 in _forward_attention
0: [default3]:  File "/iopsstor/scratch/cscs/course_00326/lsaie-ss26-gipfelsturm/Megatron-LM/megatron/core/transformer/transformer_layer.py", line 513 in forward
0: [default3]:  File "/usr/lo
0: cal/lib/python3.12/dist-packages/torch/nn/modules/module.py", line 1830 in inner
0: [default3]:  File "/usr/local/lib/python3.12/dist-packages/torch/nn/modules/module.py", line 1882 in _call_impl
0: [default3]:  File "/usr/local/lib/python3.12/dist-packages/torch/nn/modules/module.py", line 1776 in _wrapped_call_impl
0: [default3]:  File "/iopsstor/scratch/cscs/course_00326/lsaie-ss26-gipfelsturm/Megatron-LM/megatron/core/transformer/module.py", line 352 in __call__
0: [default3]:  File "/iopsstor/scratch/cscs/course_00326/lsaie-ss26-gipfelsturm/Megatron-LM/megatron/core/transformer/transformer_layer.py", line 1217 in __call__
0: [default3]:  File "/iopsstor/scratch/cscs/course_00326/lsaie-ss26-gipfelsturm/Megatron-LM/megatron/core/transformer/transformer_block.py", line 765 in forward
0: [default3]:  File "/usr/local/lib/python3.12/dist-packages/torch/nn/modules/module.py", line 1830 in inner
0: [default3]:  File "/usr/local/lib/python3.12/dist-packages/torch/nn/modules/module.py", line 1882 in _call_impl
0: [default3]:  File "/usr/local/lib/python3.12/dist-packages/torch/nn/modules/module.py", line 1776 in _wrapped_call_impl
0: [default3]:  File "/iopsstor/scratch/cscs/course_00326/lsaie-ss26-gipfelsturm/Megatron-LM/megatron/core/transformer/module.py", line 352 in __call__
0: [default3]:  File "/iopsstor/scratch/cscs/course_00326/lsaie-ss26-gipfelsturm/Megatron-LM/megatron/core/transformer/transformer_block.py", line 619 in __call__
0: [default3]:  File "/iopsstor/scratch/cscs/course_00326/lsaie-ss26-gipfelsturm/Megatron-LM/megatron/core/models/gpt/gpt_model.py", line 525 in forward
0: [default3]:  File "/usr/local/lib/python3.12/dist-packages/torch/nn/modules/module.py", line 1830 in inner
0: [default3]:  File "/usr/local/lib/python3.12/dist-packages/torch/nn/modules/module.py", line 1882 in _call_impl
0: [defaul
0: t3]:  File "/usr/local/lib/python3.12/dist-packages/torch/nn/modules/module.py", line 1776 in _wrapped_call_impl
0: [default3]:  File "/iopsstor/scratch/cscs/course_00326/lsaie-ss26-gipfelsturm/Megatron-LM/megatron/core/transformer/module.py", line 489 in forward
0: [default3]:  File "/usr/local/lib/python3.12/dist-packages/torch/nn/modules/module.py", line 1830 in inner
0: [default3]:  File "/usr/local/lib/python3.12/dist-packages/torch/nn/modules/module.py", line 1882 in _call_impl
0: [default3]:  File "/usr/local/lib/python3.12/dist-packages/torch/nn/modules/module.py", line 1776 in _wrapped_call_impl
0: [default3]:  File "/iopsstor/scratch/cscs/course_00326/lsaie-ss26-gipfelsturm/Megatron-LM/megatron/core/distributed/data_parallel_base.py", line 22 in forward
0: [default3]:  File "/usr/local/lib/python3.12/dist-packages/torch/nn/modules/module.py", line 1787 in _call_impl
0: [default3]:  File "/usr/local/lib/python3.12/dist-packages/torch/nn/modules/module.py", line 1776 in _wrapped_call_impl
0: [default3]:  File "/users/course_00326/scratch/lsaie-ss26-gipfelsturm/Megatron-LM/pretrain_gpt.py", line 197 in forward_step
0: [default3]:  File "/iopsstor/scratch/cscs/course_00326/lsaie-ss26-gipfelsturm/Megatron-LM/megatron/core/pipeline_parallel/schedules.py", line 423 in forward_step
0: [default3]:  File "/iopsstor/scratch/cscs/course_00326/lsaie-ss26-gipfelsturm/Megatron-LM/megatron/core/pipeline_parallel/schedules.py", line 2202 in forward_backward_pipelining_without_interleaving
0: [default3]:  File "/iopsstor/scratch/cscs/course_00326/lsaie-ss26-gipfelsturm/Megatron-LM/megatron/training/training.py", line 1652 in train_step
0: [default3]:  File "/iopsstor/scratch/cscs/course_00326/lsaie-ss26-gipfelsturm/Megatron-LM/megatron/training/training.py", line 2801 in train
0: [default3]:  File "/iopsstor/scratch/cscs/course_00326/lsaie-ss26-gipfelsturm/Megatron-LM/megatron/training/training.py", line 1031
0:  in pretrain
0: [default3]:  File "/users/course_00326/scratch/lsaie-ss26-gipfelsturm/Megatron-LM/pretrain_gpt.py", line 342 in <module>
0: [default2]:Stack (most recent call first):
0: [default2]:  File "/usr/lib/python3.12/contextlib.py", line 105 in __init__
0: [default2]:  File "/usr/lib/python3.12/contextlib.py", line 301 in helper
0: [default2]:  File "/usr/local/lib/python3.12/dist-packages/transformer_engine/pytorch/module/linear.py", line 1400 in forward
0: [default2]:  File "/usr/local/lib/python3.12/dist-packages/torch/_dynamo/eval_frame.py", line 1154 in _fn
0: [default2]:  File "/iopsstor/scratch/cscs/course_00326/lsaie-ss26-gipfelsturm/Megatron-LM/megatron/core/extensions/transformer_engine.py", line 677 in forward
0: [default2]:  File "/usr/local/lib/python3.12/dist-packages/torch/nn/modules/module.py", line 1830 in inner
0: [default2]:  File "/usr/local/lib/python3.12/dist-packages/torch/nn/modules/module.py", line 1882 in _call_impl
0: [default2]:  File "/usr/local/lib/python3.12/dist-packages/torch/nn/modules/module.py", line 1776 in _wrapped_call_impl
0: [default2]:  File "/iopsstor/scratch/cscs/course_00326/lsaie-ss26-gipfelsturm/Megatron-LM/megatron/core/transformer/attention.py", line 1208 in forward
0: [default2]:  File "/usr/local/lib/python3.12/dist-packages/torch/nn/modules/module.py", line 1830 in inner
0: [default2]:  File "/usr/local/lib/python3.12/dist-packages/torch/nn/modules/module.py", line 1882 in _call_impl
0: [default2]:  File "/usr/local/lib/python3.12/dist-packages/torch/nn/modules/module.py", line 1776 in _wrapped_call_impl
0: [default2]:  File "/iopsstor/scratc
0: h/cscs/course_00326/lsaie-ss26-gipfelsturm/Megatron-LM/megatron/core/transformer/transformer_layer.py", line 597 in _forward_attention
0: [default2]:  File "/iopsstor/scratch/cscs/course_00326/lsaie-ss26-gipfelsturm/Megatron-LM/megatron/core/transformer/transformer_layer.py", line 513 in forward
0: [default2]:  File "/usr/local/lib/python3.12/dist-packages/torch/nn/modules/module.py", line 1830 in inner
0: [default2]:  File "/usr/local/lib/python3.12/dist-packages/torch/nn/modules/module.py", line 1882 in _call_impl
0: [default2]:  File "/usr/local/lib/python3.12/dist-packages/torch/nn/modules/module.py", line 1776 in _wrapped_call_impl
0: [default2]:  File "/iopsstor/scratch/cscs/course_00326/lsaie-ss26-gipfelsturm/Megatron-LM/megatron/core/transformer/module.py", line 352 in __call__
0: [default2]:  File "/iopsstor/scratch/cscs/course_00326/lsaie-ss26-gipfelsturm/Megatron-LM/megatron/core/transformer/transformer_layer.py", line 1217 in __call__
0: [default2]:  File "/iopsstor/scratch/cscs/course_00326/lsaie-ss26-gipfelsturm/Meg
0: atron-LM/megatron/core/transformer/transformer_block.py", line 765 in forward
0: [default2]:  File "/usr/local/lib/python3.12/dist-packages/torch/nn/modules/module.py", line 1830 in inner
0: [default2]:  File "/usr/local/lib/python3.12/dist-packages/torch/nn/modules/module.py", line 1882 in _call_impl
0: [default2]:  File "/usr/local/lib/python3.12/dist-packages/torch/nn/modules/module.py", line 1776 in _wrapped_call_impl
0: [default2]:  File "/iopsstor/scratch/cscs/course_00326/lsaie-ss26-gipfelsturm/Megatron-LM/megatron/core/transformer/module.py", line 352 in __call__
0: [default2]:  File "/iopsstor/scratch/cscs/course_00326/lsaie-ss26-gipfelsturm/Megatron-LM/megatron/core/transformer/transformer_block.py", line 619 in __call__
0: [default2]:  File "/iopsstor/scratch/cscs/course_00326/lsaie-ss26-gipfelsturm/Megatron-LM/megatron/core/models/gpt/gpt_model.py", line 525 in forward
0: [default2]:  File "/usr/local/lib/python3.12/dist-packages/torch/nn/modules/module.py", line 1830 in inner
0: [default2]:  File "/usr/local/lib/python3.12/dist-packages/torch/nn/modules/module.py", line 1882 in _call_impl
0: [default2]:  File "/usr/local/lib/python3.12/dist-packages/torch/nn/modules/module.py", line 1776 in _wrapped_call
0: _impl
0: [default2]:  File "/iopsstor/scratch/cscs/course_00326/lsaie-ss26-gipfelsturm/Megatron-LM/megatron/core/transformer/module.py", line 489 in forward
0: [default2]:  File "/usr/local/lib/python3.12/dist-packages/torch/nn/modules/module.py", line 1830 in inner
0: [default2]:  File "/usr/local/lib/python3.12/dist-packages/torch/nn/modules/module.py", line 1882 in _call_impl
0: [default2]:  File "/usr/local/lib/python3.12/dist-packages/torch/nn/modules/module.py", line 1776 in _wrapped_call_impl
0: [default2]:  File "/iopsstor/scratch/cscs/course_00326/lsaie-ss26-gipfelsturm/Megatron-LM/megatron/core/distributed/data_parallel_base.py", line 22 in forward
0: [default2]:  File "/usr/local/lib/python3.12/dist-packages/torch/nn/modules/module.py", line 1787 in _call_impl
0: [default2]:  File "/usr/local/lib/python3.12/dist-packages/torch/nn/modules/module.py", line 1776 in _wrapped_call_impl
0: [default2]:  File "/users/course_00326/scratch/lsaie-ss26-gipfelsturm/Megatron-LM/pretrain_gpt.py", line 197 in forward_step
0: [default2]:  File "/iopsstor/scratch/cscs/course_00326/lsaie-ss26-gipfelsturm/Megatron-LM/megatron/core/pipeline_parallel/schedules.py", line 423 in forward_step
0: [default2]:  File "/iopsstor/scratch/cscs/course_00326/lsaie-ss26-gipfelsturm/Megatron-LM/megatron/core/pipeline_parallel/schedules.py", line 2202 in forward_backward_pipelining_without_interleaving
0: [default2]:  File "/iopsstor/scratch/cscs/course_00326/lsaie-ss26-gipfelsturm/Megatron-LM/megatron/training/training.py", line 1652 in train_step
0: [
0: default2]:  File "/iopsstor/scratch/cscs/course_00326/lsaie-ss26-gipfelsturm/Megatron-LM/megatron/training/training.py", line 2801 in train
0: [default2]:  File "/iopsstor/scratch/cscs/course_00326/lsaie-ss26-gipfelsturm/Megatron-LM/megatron/training/training.py", line 1031 in pretrain
0: [default2]:  File "/users/course_00326/scratch/lsaie-ss26-gipfelsturm/Megatron-LM/pretrain_gpt.py", line 342 in <module>
3: [default0]:Stack (most recent call first):
3: [default0]:  File "/iopsstor/scratch/cscs/course_00326/lsaie-ss26-gipfelsturm/Megatron-LM/megatron/core/models/common/embeddings/rotary_pos_embedding.py", line 246 in get_rotary_seq_len
3: [default0]:  File "/iopsstor/scratch/cscs/course_00326/lsaie-ss26-gipfelsturm/Megatron-LM/megatron/core/models/gpt/gpt_model.py", line 361 in _preprocess
3: [default0]:  File "/iopsstor/scratch/cscs/course_00326/lsaie-ss26-gipfelsturm/Megatron-LM/megatron/core/models/gpt/gpt_model.py", line 504 in forward
3: [default0]:  File "/usr/local/lib/python3.12/dist-packages/torch/nn/modules/module.py", line 1830 in inner
3: [default0]:  File "/usr/local/lib/python3.12/dist-packages/torch/nn/modules/module.py", line 1882 in _call_impl
3: [default0]:  File "/usr/local/lib/python3.12/dist-packages/torch/nn/modules/module.py", line 1776 in _wrapped_call_impl
3: [default0]:  File "/iopsstor/scratch/cscs/course_00326/lsaie-ss26-gipfelsturm/Megatron-LM/megatron/core/transformer/module.py", line 489 in forward
3: [default0]:  File "/usr/local/lib/python3.12/dist-packages/torch/nn/modules/module.py", line 1830 in inner
3: [default0]:  File "/usr/local/lib/python3.12/dist-packages/torch/nn/modules/module.py", line 1882 in _call_impl
3: [default0]:  File "/usr/local/lib/python3.12/dist-packages/torch/nn/modules/module.py", line 1776 in _wrapped_call_impl
3: [default0]:  File "/iopsstor/scratch/cscs/course_00326/lsaie-ss26-gipfelsturm/Megatron-LM/megatron/core/distributed/data_parallel_base.py", line 22 in forward
3: [default0]:  File "/usr/local/lib/python3.12/dist-packages/torch/nn/modules/module.py", line 1787 in _call_impl
3: [default0]:  File "/usr/local/lib/python3.12/dist-packages/torch/nn/modules/module.py", line 1776 in _wrapped_call_impl
3: [default0]:  File "/users/course_00326/scratch/lsaie-ss26-gipfelsturm/Megatron-LM/pretrain_gpt.py", line 197 in forward_step
3: [default0]:  File "/iopsstor/scratch/cscs/course_00326/lsaie-ss26-gipfelsturm/Megatron-LM/megatron/core/pipeline_parallel/schedules.py", line 423 in forward_step
3: [default0]:  File "/iopsstor/scratch/cscs/course_00326/lsaie-ss26-gipfelsturm/Megatron-LM/megatron/core/pipeline_parallel/schedules.py", line 2202 in forward_backward_pipelining_without_interleaving
3: [default0]:  File "/iopsstor/scratch/cscs/course_00326/lsaie-ss26-gipfelsturm/Megatron-LM/megatron/training/training.py", line 1652 in train_step
3: [default0]:  File "/iopsstor/scratch/cscs/course_00326/lsaie-ss26-gipfelsturm/Megatron-LM/megatron/training/training.py", line 2801 in train
3: [default0]:  File "/iopsstor/scratch/cscs/course_00326/lsaie-ss26-gipfelsturm/Megatron-LM/megatron/training/training.py", line 1031 in pretrain
3: [default0]:  File "/users/course_00326/scratch/lsaie-ss26-gipfelsturm/Megatron-LM/pretrain_gpt.py", line 342 in <module>
2: [default1]:Stack (most recent call first):
2: [default0]:Stack (most recent call first):
2: [default0]:  File "/iopsstor/scratch/cscs/course_00326/lsaie-ss26-gipfelsturm/Megatron-LM/megatron/core/pipeline_parallel/schedules.py", line 189 in custom_backward
2: [default1]:  File "/iopsstor/scratch/cscs/course_00326/lsaie-ss26-gipfelsturm/Megatron-LM/megatron/core/pipeline_parallel/schedules.py", line 189 in custom_backward
2: [default1]:  File "/iopsstor/scratch/cscs/course_00326/lsaie-ss26-gipfelsturm/Megatron-LM/megatron/core/pipeline_parallel/schedules.py", line 487 in backward_step
2: [default0]:  File "/iopsstor/scratch/cscs/course_00326/lsaie-ss26-gipfelsturm/Megatron-LM/megatron/core/pipeline_parallel/schedules.py", line 487 in backward_step
2: [default1]:  File "/iopsstor/scratch/cscs/course_00326/lsaie-ss26-gipfelsturm/Megatron-LM/megatron/core/pipeline_parallel/schedules.py", line 2250 in forward_backward_pipelining_without_interleaving
2: [default1]:  File "/iopsstor/scratch/cscs/course_00326/lsaie-ss26-gipfelsturm/Megatron-LM/megatron/training/training.py", line 1652 in train_step
2: [default0]:  File "/iopsstor/scratch/cscs/course_00326/lsaie-ss26-gipfelsturm/Megatron-LM/megatron/core/pipeline_parallel/schedules.py", line 2250 in forward_backward_pipelining_without_interleaving
2: [default0]:  File "/iopsstor/scratch/cscs/course_00326/lsaie-ss26-gipfelsturm/Megatron-LM/megatron/training/training.py", line 1652 in train_step
2: [default1]:  File "/iopsstor/scratch/cscs/course_00326/lsaie-ss26-gipfelsturm/Megatron-LM/megatron/training/training.py", line 2801 in train
2: [default2]:Stack (most recent call first):
2: [default2]:  File "/iopsstor/scratch/cscs/course_00326/lsaie-ss26-gipfelsturm/Megatron-LM/megatron/core/pipeline_parallel/schedules.py", line 189 in custom_backward
2: [default1]:  File "/iopsstor/scratch/cscs/course_00326/lsaie-ss26-gipfelsturm/Megatron-LM/megatron/training/training.py", line 1031 in pretrain
2: [default3]:Stack (most recent call first):
2: [default3]:  File "/iopsstor/scratch/cscs/course_00326/lsaie-ss26-gipfelsturm/Megatron-LM/megatron/core/pipeline_parallel/schedules.py", line 189 in custom_backward
2: [default2]:  File "/iopsstor/scratch/cscs/course_00326/lsaie-ss26-gipfelsturm/Megatron-LM/megatron/core/pipeline_parallel/schedules.py", line 487 in backward_step
2: [default0]:  File "/iopsstor/scratch/cscs/course_00326/lsaie-ss26-gipfelsturm/Megatron-LM/megatron/training/training.py", line 2801 in train
2: [default1]:  File "/users/course_00326/scratch/lsaie-ss26-gipfelsturm/Megatron-LM/pretrain_gpt.py", line 342 in <module>
2: [default3]:  File "/iopsstor/scratch/cscs/course_00326/lsaie-ss26-gipfelsturm/Megatron-LM/megatron/core/pipeline_parallel/schedules.py", line 487 in backward_step
2: [default2]:  File "/iopsstor/scratch/cscs/course_00326/lsaie-ss26-gipfelsturm/Megatron-LM/megatron/core/pipeline_parallel/schedules.py", line 2250 in forward_backward_pipelining_without_interleaving
2: [default0]:  File "/iopsstor/scratch/cscs/course_00326/lsaie-ss26-gipfelsturm/Megatron-LM/megatron/training/training.py", line 1031 in pretrain
2: [default3]:  File "/iopsstor/scratch/cscs/course_00326/lsaie-ss26-gipfelsturm/Megatron-LM/megatron/core/pipeline_parallel/schedules.py", line 2250 in forward_backward_pipelining_without_interleaving
2: [default2]:  File "/iopsstor/scratch/cscs/course_00326/lsaie-ss26-gipfelsturm/Megatron-LM/megatron/training/training.py", line 1652 in train_step
2: [default0]:  File "/users/course_00326/scratch/lsaie-ss26-gipfelsturm/Megatron-LM/pretrain_gpt.py", line 342 in <module>
2: [default3]:  File "/iopsstor/scratch/cscs/course_00326/lsaie-ss26-gipfelsturm/Megatron-LM/megatron/training/training.py", line 1652 in train_step
2: [default2]:  File "/iopsstor/scratch/cscs/course_00326/lsaie-ss26-gipfelsturm/Megatron-LM/megatron/training/training.py", line 2801 in train
2: [default2]:  File "/iopsstor/scratch/cscs/course_00326/lsaie-ss26-gipfelsturm/Megatron-LM/megatron/training/training.py", line 1031 in pretrain
2: [default2]:  File "/users/course_00326/scratch/lsaie-ss26-gipfelsturm/Megatron-LM/pretrain_gpt.py", line 342 in <module>
2: [default3]:  File "/iopsstor/scratch/cscs/course_00326/lsaie-ss26-gipfelsturm/Megatron-LM/megatron/training/training.py", line 2801 in train
2: [default3]:  File "/iopsstor/scratch/cscs/course_00326/lsaie-ss26-gipfelsturm/Megatron-LM/megatron/training/training.py", line 1031 in pretrain
2: [default3]:  File "/users/course_00326/scratch/lsaie-ss26-gipfelsturm/Megatron-LM/pretrain_gpt.py", line 342 in <module>
