log,job_id,model,tag,nodes,tp,pp,mbs,gbs,seq_len,best_tokens_sec_gpu,avg_last10_tokens_sec_gpu,best_tflops_gpu,status,steps,cuda_graph_impl,cuda_graph_scope,recompute_granularity,recompute_method,recompute_num_layers,optimizer_cpu_offload,optimizer_offload_fraction,main_params_dtype,main_grads_dtype,exp_avg_dtype,exp_avg_sq_dtype,cmd
logs/gipfel-throughput-125m-cgtest-125m-mbs1-baseline-100s-1n-tp1-pp1-mbs1-2179605.log,2179605,125m,cgtest-125m-mbs1-baseline,1,1,1,1,256,4096,46488,41271,42,finished,100,,,,,,no,,,bf16,,,"torchrun --nproc-per-node 4 --nnodes 1 --rdzv_endpoint nid007639:25678 --rdzv_backend c10d --max_restarts 0 --tee 3 /users/course_00326/scratch/lsaie-ss26-gipfelsturm/Megatron-LM/pretrain_gpt.py     --transformer-impl transformer_engine --use-precision-aware-optimizer --main-grads-dtype bf16     --num-layers 12 --hidden-size 768 --ffn-hidden-size 2048 --num-attention-heads 12 --group-query-attention --num-query-groups 4 --max-position-embeddings 4096 --position-embedding-type rope --normalization RMSNorm --swiglu --untie-embeddings-and-output-weights --seq-length 4096     --micro-batch-size 1 --global-batch-size 256 --train-iters 100 --log-interval 1 --eval-interval 100 --eval-iters 0 --cross-entropy-loss-fusion --disable-bias-linear --optimizer adam --dataloader-type single --no-check-for-nan-in-loss-and-grad --manual-gc --manual-gc-interval 50     --attention-dropout 0.0 --hidden-dropout 0.0 --weight-decay 0.1 --clip-grad 1.0 --adam-beta1 0.9 --adam-beta2 0.95     --lr 3e-4 --lr-decay-style constant --lr-warmup-iters 10     --seed 42 --init-method-std 0.02     --bf16     --tensor-model-parallel-size 1 --pipeline-model-parallel-size 1 --use-distributed-optimizer --overlap-grad-reduce --overlap-param-gather     --log-throughput --log-progress --tensorboard-dir /iopsstor/scratch/cscs/course_00326/gipfelsturm/gipfelsturm/throughput-125m-cgtest-125m-mbs1-baseline-1n-tp1-pp1-mbs1/tensorboard --log-timers-to-tensorboard --log-memory-to-tensorboard     --tokenizer-type GPT2BPETokenizer --vocab-file /users/course_00326/scratch/lsaie-ss26-gipfelsturm/data/gpt2-vocab.json --merge-file /users/course_00326/scratch/lsaie-ss26-gipfelsturm/data/gpt2-merges.txt     --data-path /capstor/store/cscs/swissai/infra01/datasets/nvidia/Nemotron-ClimbMix/climbmix_small_megatron/climbmix_small --data-cache-path /iopsstor/scratch/cscs/course_00326/gipfelsturm/cache --split 99,1,0 --num-workers 1              --wandb-save-dir /iopsstor/scratch/cscs/course_00326/gipfelsturm/gipfelsturm/throughput-125m-cgtest-125m-mbs1-baseline-1n-tp1-pp1-mbs1         --wandb-project gipfelsturm         --wandb-exp-name throughput-125m-cgtest-125m-mbs1-baseline-1n-tp1-pp1-mbs1-2179605"
logs/gipfel-throughput-125m-cgtest-125m-mbs1-te-attn-100s-1n-tp1-pp1-mbs1-2179607.log,2179607,125m,cgtest-125m-mbs1-te-attn,1,1,1,1,256,4096,46511,41269,42,finished,100,transformer_engine,attn,,,,no,,,bf16,,,"torchrun --nproc-per-node 4 --nnodes 1 --rdzv_endpoint nid006194:25678 --rdzv_backend c10d --max_restarts 0 --tee 3 /users/course_00326/scratch/lsaie-ss26-gipfelsturm/Megatron-LM/pretrain_gpt.py     --transformer-impl transformer_engine --use-precision-aware-optimizer --main-grads-dtype bf16     --num-layers 12 --hidden-size 768 --ffn-hidden-size 2048 --num-attention-heads 12 --group-query-attention --num-query-groups 4 --max-position-embeddings 4096 --position-embedding-type rope --normalization RMSNorm --swiglu --untie-embeddings-and-output-weights --seq-length 4096     --micro-batch-size 1 --global-batch-size 256 --train-iters 100 --log-interval 1 --eval-interval 100 --eval-iters 0 --cross-entropy-loss-fusion --disable-bias-linear --optimizer adam --dataloader-type single --no-check-for-nan-in-loss-and-grad --manual-gc --manual-gc-interval 50     --attention-dropout 0.0 --hidden-dropout 0.0 --weight-decay 0.1 --clip-grad 1.0 --adam-beta1 0.9 --adam-beta2 0.95     --lr 3e-4 --lr-decay-style constant --lr-warmup-iters 10     --seed 42 --init-method-std 0.02     --bf16     --tensor-model-parallel-size 1 --pipeline-model-parallel-size 1 --use-distributed-optimizer --overlap-grad-reduce --overlap-param-gather     --log-throughput --log-progress --tensorboard-dir /iopsstor/scratch/cscs/course_00326/gipfelsturm/gipfelsturm/throughput-125m-cgtest-125m-mbs1-te-attn-1n-tp1-pp1-mbs1/tensorboard --log-timers-to-tensorboard --log-memory-to-tensorboard     --tokenizer-type GPT2BPETokenizer --vocab-file /users/course_00326/scratch/lsaie-ss26-gipfelsturm/data/gpt2-vocab.json --merge-file /users/course_00326/scratch/lsaie-ss26-gipfelsturm/data/gpt2-merges.txt     --data-path /capstor/store/cscs/swissai/infra01/datasets/nvidia/Nemotron-ClimbMix/climbmix_small_megatron/climbmix_small --data-cache-path /iopsstor/scratch/cscs/course_00326/gipfelsturm/cache --split 99,1,0 --num-workers 1     --cuda-graph-impl transformer_engine --cuda-graph-scope attn         --wandb-save-dir /iopsstor/scratch/cscs/course_00326/gipfelsturm/gipfelsturm/throughput-125m-cgtest-125m-mbs1-te-attn-1n-tp1-pp1-mbs1         --wandb-project gipfelsturm         --wandb-exp-name throughput-125m-cgtest-125m-mbs1-te-attn-1n-tp1-pp1-mbs1-2179607"
logs/gipfel-throughput-125m-cgtest-125m-mbs1-te-full-layer-100s-1n-tp1-pp1-mbs1-2179606.log,2179606,125m,cgtest-125m-mbs1-te-full-layer,1,1,1,1,256,4096,47688,40774,44,finished,100,transformer_engine,,,,,no,,,bf16,,,"torchrun --nproc-per-node 4 --nnodes 1 --rdzv_endpoint nid006178:25678 --rdzv_backend c10d --max_restarts 0 --tee 3 /users/course_00326/scratch/lsaie-ss26-gipfelsturm/Megatron-LM/pretrain_gpt.py     --transformer-impl transformer_engine --use-precision-aware-optimizer --main-grads-dtype bf16     --num-layers 12 --hidden-size 768 --ffn-hidden-size 2048 --num-attention-heads 12 --group-query-attention --num-query-groups 4 --max-position-embeddings 4096 --position-embedding-type rope --normalization RMSNorm --swiglu --untie-embeddings-and-output-weights --seq-length 4096     --micro-batch-size 1 --global-batch-size 256 --train-iters 100 --log-interval 1 --eval-interval 100 --eval-iters 0 --cross-entropy-loss-fusion --disable-bias-linear --optimizer adam --dataloader-type single --no-check-for-nan-in-loss-and-grad --manual-gc --manual-gc-interval 50     --attention-dropout 0.0 --hidden-dropout 0.0 --weight-decay 0.1 --clip-grad 1.0 --adam-beta1 0.9 --adam-beta2 0.95     --lr 3e-4 --lr-decay-style constant --lr-warmup-iters 10     --seed 42 --init-method-std 0.02     --bf16     --tensor-model-parallel-size 1 --pipeline-model-parallel-size 1 --use-distributed-optimizer --overlap-grad-reduce --overlap-param-gather     --log-throughput --log-progress --tensorboard-dir /iopsstor/scratch/cscs/course_00326/gipfelsturm/gipfelsturm/throughput-125m-cgtest-125m-mbs1-te-full-layer-1n-tp1-pp1-mbs1/tensorboard --log-timers-to-tensorboard --log-memory-to-tensorboard     --tokenizer-type GPT2BPETokenizer --vocab-file /users/course_00326/scratch/lsaie-ss26-gipfelsturm/data/gpt2-vocab.json --merge-file /users/course_00326/scratch/lsaie-ss26-gipfelsturm/data/gpt2-merges.txt     --data-path /capstor/store/cscs/swissai/infra01/datasets/nvidia/Nemotron-ClimbMix/climbmix_small_megatron/climbmix_small --data-cache-path /iopsstor/scratch/cscs/course_00326/gipfelsturm/cache --split 99,1,0 --num-workers 1     --cuda-graph-impl transformer_engine         --wandb-save-dir /iopsstor/scratch/cscs/course_00326/gipfelsturm/gipfelsturm/throughput-125m-cgtest-125m-mbs1-te-full-layer-1n-tp1-pp1-mbs1         --wandb-project gipfelsturm         --wandb-exp-name throughput-125m-cgtest-125m-mbs1-te-full-layer-1n-tp1-pp1-mbs1-2179606"
logs/gipfel-throughput-125m-cgtest-125m-mbs1-te-mlp-100s-1n-tp1-pp1-mbs1-2179608.log,2179608,125m,cgtest-125m-mbs1-te-mlp,1,1,1,1,256,4096,47710,40777,44,finished,100,transformer_engine,mlp,,,,no,,,bf16,,,"torchrun --nproc-per-node 4 --nnodes 1 --rdzv_endpoint nid006212:25678 --rdzv_backend c10d --max_restarts 0 --tee 3 /users/course_00326/scratch/lsaie-ss26-gipfelsturm/Megatron-LM/pretrain_gpt.py     --transformer-impl transformer_engine --use-precision-aware-optimizer --main-grads-dtype bf16     --num-layers 12 --hidden-size 768 --ffn-hidden-size 2048 --num-attention-heads 12 --group-query-attention --num-query-groups 4 --max-position-embeddings 4096 --position-embedding-type rope --normalization RMSNorm --swiglu --untie-embeddings-and-output-weights --seq-length 4096     --micro-batch-size 1 --global-batch-size 256 --train-iters 100 --log-interval 1 --eval-interval 100 --eval-iters 0 --cross-entropy-loss-fusion --disable-bias-linear --optimizer adam --dataloader-type single --no-check-for-nan-in-loss-and-grad --manual-gc --manual-gc-interval 50     --attention-dropout 0.0 --hidden-dropout 0.0 --weight-decay 0.1 --clip-grad 1.0 --adam-beta1 0.9 --adam-beta2 0.95     --lr 3e-4 --lr-decay-style constant --lr-warmup-iters 10     --seed 42 --init-method-std 0.02     --bf16     --tensor-model-parallel-size 1 --pipeline-model-parallel-size 1 --use-distributed-optimizer --overlap-grad-reduce --overlap-param-gather     --log-throughput --log-progress --tensorboard-dir /iopsstor/scratch/cscs/course_00326/gipfelsturm/gipfelsturm/throughput-125m-cgtest-125m-mbs1-te-mlp-1n-tp1-pp1-mbs1/tensorboard --log-timers-to-tensorboard --log-memory-to-tensorboard     --tokenizer-type GPT2BPETokenizer --vocab-file /users/course_00326/scratch/lsaie-ss26-gipfelsturm/data/gpt2-vocab.json --merge-file /users/course_00326/scratch/lsaie-ss26-gipfelsturm/data/gpt2-merges.txt     --data-path /capstor/store/cscs/swissai/infra01/datasets/nvidia/Nemotron-ClimbMix/climbmix_small_megatron/climbmix_small --data-cache-path /iopsstor/scratch/cscs/course_00326/gipfelsturm/cache --split 99,1,0 --num-workers 1     --cuda-graph-impl transformer_engine --cuda-graph-scope mlp         --wandb-save-dir /iopsstor/scratch/cscs/course_00326/gipfelsturm/gipfelsturm/throughput-125m-cgtest-125m-mbs1-te-mlp-1n-tp1-pp1-mbs1         --wandb-project gipfelsturm         --wandb-exp-name throughput-125m-cgtest-125m-mbs1-te-mlp-1n-tp1-pp1-mbs1-2179608"
logs/gipfel-throughput-125m-sanity-125m-50s-1n-tp1-pp1-mbs16-2127788.log,2127788,125m,sanity-125m,1,1,1,16,256,4096,53009,40718,48,finished,50,,,,,,no,,,bf16,,,"torchrun --nproc-per-node 4 --nnodes 1 --rdzv_endpoint nid006891:25678 --rdzv_backend c10d --max_restarts 0 --tee 3 /users/course_00326/scratch/lsaie-ss26-gipfelsturm/Megatron-LM/pretrain_gpt.py     --transformer-impl transformer_engine --use-precision-aware-optimizer --main-grads-dtype bf16     --num-layers 12 --hidden-size 768 --ffn-hidden-size 2048 --num-attention-heads 12 --group-query-attention --num-query-groups 4 --max-position-embeddings 4096 --position-embedding-type rope --normalization RMSNorm --swiglu --untie-embeddings-and-output-weights --seq-length 4096     --micro-batch-size 16 --global-batch-size 256 --train-iters 50 --log-interval 1 --eval-interval 50 --eval-iters 0 --cross-entropy-loss-fusion --disable-bias-linear --optimizer adam --dataloader-type single --no-check-for-nan-in-loss-and-grad --manual-gc --manual-gc-interval 50     --attention-dropout 0.0 --hidden-dropout 0.0 --weight-decay 0.1 --clip-grad 1.0 --adam-beta1 0.9 --adam-beta2 0.95     --lr 3e-4 --lr-decay-style constant --lr-warmup-iters 10     --seed 42 --init-method-std 0.02     --bf16     --tensor-model-parallel-size 1 --pipeline-model-parallel-size 1 --use-distributed-optimizer --overlap-grad-reduce --overlap-param-gather     --log-throughput --log-progress     --tokenizer-type GPT2BPETokenizer --vocab-file /users/course_00326/scratch/lsaie-ss26-gipfelsturm/data/gpt2-vocab.json --merge-file /users/course_00326/scratch/lsaie-ss26-gipfelsturm/data/gpt2-merges.txt     --data-path /capstor/store/cscs/swissai/infra01/datasets/nvidia/Nemotron-ClimbMix/climbmix_small_megatron/climbmix_small --data-cache-path /iopsstor/scratch/cscs/course_00326/gipfelsturm/cache --split 99,1,0 --num-workers 1              --wandb-save-dir /iopsstor/scratch/cscs/course_00326/gipfelsturm/gipfelsturm/throughput-125m-sanity-125m-1n-tp1-pp1-mbs16         --wandb-project gipfelsturm         --wandb-exp-name throughput-125m-sanity-125m-1n-tp1-pp1-mbs16-2127788"
logs/gipfel-throughput-140b-fit-140b-cpuopt-full-recompute-60s-4n-tp4-pp4-mbs1-2177810.log,2177810,140b,fit-140b-cpuopt-full-recompute,4,4,4,1,256,4096,,,,oom,60,,,full,uniform,1,yes,1.0,fp16,bf16,bf16,bf16,"torchrun --nproc-per-node 4 --nnodes 4 --rdzv_endpoint nid006194:25678 --rdzv_backend c10d --max_restarts 0 --tee 3 /users/course_00326/scratch/lsaie-ss26-gipfelsturm/Megatron-LM/pretrain_gpt.py     --transformer-impl transformer_engine --use-precision-aware-optimizer --main-grads-dtype bf16     --num-layers 96 --hidden-size 10240 --ffn-hidden-size 40960 --num-attention-heads 80 --group-query-attention --num-query-groups 8 --max-position-embeddings 4096 --position-embedding-type rope --normalization RMSNorm --swiglu --untie-embeddings-and-output-weights --seq-length 4096     --micro-batch-size 1 --global-batch-size 256 --train-iters 60 --log-interval 1 --eval-interval 60 --eval-iters 0 --cross-entropy-loss-fusion --disable-bias-linear --optimizer adam --dataloader-type single --no-check-for-nan-in-loss-and-grad --manual-gc --manual-gc-interval 50     --attention-dropout 0.0 --hidden-dropout 0.0 --weight-decay 0.1 --clip-grad 1.0 --adam-beta1 0.9 --adam-beta2 0.95     --lr 3e-4 --lr-decay-style constant --lr-warmup-iters 10     --seed 42 --init-method-std 0.02     --bf16     --tensor-model-parallel-size 4 --pipeline-model-parallel-size 4 --sequence-parallel --use-distributed-optimizer --overlap-grad-reduce --overlap-param-gather     --log-throughput --log-progress --tensorboard-dir /iopsstor/scratch/cscs/course_00326/gipfelsturm/gipfelsturm/throughput-140b-fit-140b-cpuopt-full-recompute-4n-tp4-pp4-mbs1/tensorboard --log-timers-to-tensorboard --log-memory-to-tensorboard     --tokenizer-type GPT2BPETokenizer --vocab-file /users/course_00326/scratch/lsaie-ss26-gipfelsturm/data/gpt2-vocab.json --merge-file /users/course_00326/scratch/lsaie-ss26-gipfelsturm/data/gpt2-merges.txt     --data-path /capstor/store/cscs/swissai/infra01/datasets/nvidia/Nemotron-ClimbMix/climbmix_small_megatron/climbmix_small --data-cache-path /iopsstor/scratch/cscs/course_00326/gipfelsturm/cache --split 99,1,0 --num-workers 1     --optimizer-cpu-offload --optimizer-offload-fraction 1.0 --main-params-dtype fp16 --exp-avg-dtype bf16 --exp-avg-sq-dtype bf16 --recompute-granularity full --recompute-method uniform --recompute-num-layers 1         --wandb-save-dir /iopsstor/scratch/cscs/course_00326/gipfelsturm/gipfelsturm/throughput-140b-fit-140b-cpuopt-full-recompute-4n-tp4-pp4-mbs1         --wandb-project gipfelsturm         --wandb-exp-name throughput-140b-fit-140b-cpuopt-full-recompute-4n-tp4-pp4-mbs1-2177810"
logs/gipfel-throughput-140b-fit-140b-full-recompute-60s-4n-tp4-pp4-mbs1-2176031.log,2176031,140b,fit-140b-full-recompute,4,4,4,1,256,4096,,,,oom,60,,,full,uniform,1,no,,,bf16,,,"torchrun --nproc-per-node 4 --nnodes 4 --rdzv_endpoint nid007118:25678 --rdzv_backend c10d --max_restarts 0 --tee 3 /users/course_00326/scratch/lsaie-ss26-gipfelsturm/Megatron-LM/pretrain_gpt.py     --transformer-impl transformer_engine --use-precision-aware-optimizer --main-grads-dtype bf16     --num-layers 96 --hidden-size 10240 --ffn-hidden-size 40960 --num-attention-heads 80 --group-query-attention --num-query-groups 8 --max-position-embeddings 4096 --position-embedding-type rope --normalization RMSNorm --swiglu --untie-embeddings-and-output-weights --seq-length 4096     --micro-batch-size 1 --global-batch-size 256 --train-iters 60 --log-interval 1 --eval-interval 60 --eval-iters 0 --cross-entropy-loss-fusion --disable-bias-linear --optimizer adam --dataloader-type single --no-check-for-nan-in-loss-and-grad --manual-gc --manual-gc-interval 50     --attention-dropout 0.0 --hidden-dropout 0.0 --weight-decay 0.1 --clip-grad 1.0 --adam-beta1 0.9 --adam-beta2 0.95     --lr 3e-4 --lr-decay-style constant --lr-warmup-iters 10     --seed 42 --init-method-std 0.02     --bf16     --tensor-model-parallel-size 4 --pipeline-model-parallel-size 4 --sequence-parallel --use-distributed-optimizer --overlap-grad-reduce --overlap-param-gather     --log-throughput --log-progress --tensorboard-dir /iopsstor/scratch/cscs/course_00326/gipfelsturm/gipfelsturm/throughput-140b-fit-140b-full-recompute-4n-tp4-pp4-mbs1/tensorboard --log-timers-to-tensorboard --log-memory-to-tensorboard     --tokenizer-type GPT2BPETokenizer --vocab-file /users/course_00326/scratch/lsaie-ss26-gipfelsturm/data/gpt2-vocab.json --merge-file /users/course_00326/scratch/lsaie-ss26-gipfelsturm/data/gpt2-merges.txt     --data-path /capstor/store/cscs/swissai/infra01/datasets/nvidia/Nemotron-ClimbMix/climbmix_small_megatron/climbmix_small --data-cache-path /iopsstor/scratch/cscs/course_00326/gipfelsturm/cache --split 99,1,0 --num-workers 1     --recompute-granularity full --recompute-method uniform --recompute-num-layers 1         --wandb-save-dir /iopsstor/scratch/cscs/course_00326/gipfelsturm/gipfelsturm/throughput-140b-fit-140b-full-recompute-4n-tp4-pp4-mbs1         --wandb-project gipfelsturm         --wandb-exp-name throughput-140b-fit-140b-full-recompute-4n-tp4-pp4-mbs1-2176031"
logs/gipfel-throughput-140b-fit-140b-pa-optimizer-full-recompute-60s-4n-tp4-pp4-mbs1-2177252.log,2177252,140b,fit-140b-pa-optimizer-full-recompute,4,4,4,1,256,4096,,,,oom,60,,,full,uniform,1,no,,fp16,bf16,bf16,bf16,"torchrun --nproc-per-node 4 --nnodes 4 --rdzv_endpoint nid006962:25678 --rdzv_backend c10d --max_restarts 0 --tee 3 /users/course_00326/scratch/lsaie-ss26-gipfelsturm/Megatron-LM/pretrain_gpt.py     --transformer-impl transformer_engine --use-precision-aware-optimizer --main-grads-dtype bf16     --num-layers 96 --hidden-size 10240 --ffn-hidden-size 40960 --num-attention-heads 80 --group-query-attention --num-query-groups 8 --max-position-embeddings 4096 --position-embedding-type rope --normalization RMSNorm --swiglu --untie-embeddings-and-output-weights --seq-length 4096     --micro-batch-size 1 --global-batch-size 256 --train-iters 60 --log-interval 1 --eval-interval 60 --eval-iters 0 --cross-entropy-loss-fusion --disable-bias-linear --optimizer adam --dataloader-type single --no-check-for-nan-in-loss-and-grad --manual-gc --manual-gc-interval 50     --attention-dropout 0.0 --hidden-dropout 0.0 --weight-decay 0.1 --clip-grad 1.0 --adam-beta1 0.9 --adam-beta2 0.95     --lr 3e-4 --lr-decay-style constant --lr-warmup-iters 10     --seed 42 --init-method-std 0.02     --bf16     --tensor-model-parallel-size 4 --pipeline-model-parallel-size 4 --sequence-parallel --use-distributed-optimizer --overlap-grad-reduce --overlap-param-gather     --log-throughput --log-progress --tensorboard-dir /iopsstor/scratch/cscs/course_00326/gipfelsturm/gipfelsturm/throughput-140b-fit-140b-pa-optimizer-full-recompute-4n-tp4-pp4-mbs1/tensorboard --log-timers-to-tensorboard --log-memory-to-tensorboard     --tokenizer-type GPT2BPETokenizer --vocab-file /users/course_00326/scratch/lsaie-ss26-gipfelsturm/data/gpt2-vocab.json --merge-file /users/course_00326/scratch/lsaie-ss26-gipfelsturm/data/gpt2-merges.txt     --data-path /capstor/store/cscs/swissai/infra01/datasets/nvidia/Nemotron-ClimbMix/climbmix_small_megatron/climbmix_small --data-cache-path /iopsstor/scratch/cscs/course_00326/gipfelsturm/cache --split 99,1,0 --num-workers 1     --main-params-dtype fp16 --exp-avg-dtype bf16 --exp-avg-sq-dtype bf16 --recompute-granularity full --recompute-method uniform --recompute-num-layers 1         --wandb-save-dir /iopsstor/scratch/cscs/course_00326/gipfelsturm/gipfelsturm/throughput-140b-fit-140b-pa-optimizer-full-recompute-4n-tp4-pp4-mbs1         --wandb-project gipfelsturm         --wandb-exp-name throughput-140b-fit-140b-pa-optimizer-full-recompute-4n-tp4-pp4-mbs1-2177252"
logs/gipfel-throughput-140b-tier-140b-tp4pp4-60s-4n-tp4-pp4-mbs1-2152498.log,2152498,140b,tier-140b-tp4pp4,4,4,4,1,256,4096,,,,oom,60,,,,,,no,,,bf16,,,"torchrun --nproc-per-node 4 --nnodes 4 --rdzv_endpoint nid007130:25678 --rdzv_backend c10d --max_restarts 0 --tee 3 /users/course_00326/scratch/lsaie-ss26-gipfelsturm/Megatron-LM/pretrain_gpt.py     --transformer-impl transformer_engine --use-precision-aware-optimizer --main-grads-dtype bf16     --num-layers 96 --hidden-size 10240 --ffn-hidden-size 40960 --num-attention-heads 80 --group-query-attention --num-query-groups 8 --max-position-embeddings 4096 --position-embedding-type rope --normalization RMSNorm --swiglu --untie-embeddings-and-output-weights --seq-length 4096     --micro-batch-size 1 --global-batch-size 256 --train-iters 60 --log-interval 1 --eval-interval 60 --eval-iters 0 --cross-entropy-loss-fusion --disable-bias-linear --optimizer adam --dataloader-type single --no-check-for-nan-in-loss-and-grad --manual-gc --manual-gc-interval 50     --attention-dropout 0.0 --hidden-dropout 0.0 --weight-decay 0.1 --clip-grad 1.0 --adam-beta1 0.9 --adam-beta2 0.95     --lr 3e-4 --lr-decay-style constant --lr-warmup-iters 10     --seed 42 --init-method-std 0.02     --bf16     --tensor-model-parallel-size 4 --pipeline-model-parallel-size 4 --sequence-parallel --use-distributed-optimizer --overlap-grad-reduce --overlap-param-gather     --log-throughput --log-progress --tensorboard-dir /iopsstor/scratch/cscs/course_00326/gipfelsturm/gipfelsturm/throughput-140b-tier-140b-tp4pp4-4n-tp4-pp4-mbs1/tensorboard --log-timers-to-tensorboard --log-memory-to-tensorboard     --tokenizer-type GPT2BPETokenizer --vocab-file /users/course_00326/scratch/lsaie-ss26-gipfelsturm/data/gpt2-vocab.json --merge-file /users/course_00326/scratch/lsaie-ss26-gipfelsturm/data/gpt2-merges.txt     --data-path /capstor/store/cscs/swissai/infra01/datasets/nvidia/Nemotron-ClimbMix/climbmix_small_megatron/climbmix_small --data-cache-path /iopsstor/scratch/cscs/course_00326/gipfelsturm/cache --split 99,1,0 --num-workers 1              --wandb-save-dir /iopsstor/scratch/cscs/course_00326/gipfelsturm/gipfelsturm/throughput-140b-tier-140b-tp4pp4-4n-tp4-pp4-mbs1         --wandb-project gipfelsturm         --wandb-exp-name throughput-140b-tier-140b-tp4pp4-4n-tp4-pp4-mbs1-2152498"
logs/gipfel-throughput-32b-baseline-32b-tp4-60s-1n-tp4-pp1-mbs1-2152488.log,2152488,32b,baseline-32b-tp4,1,4,1,1,256,4096,,,,oom,60,,,,,,no,,,bf16,,,"torchrun --nproc-per-node 4 --nnodes 1 --rdzv_endpoint nid007204:25678 --rdzv_backend c10d --max_restarts 0 --tee 3 /users/course_00326/scratch/lsaie-ss26-gipfelsturm/Megatron-LM/pretrain_gpt.py     --transformer-impl transformer_engine --use-precision-aware-optimizer --main-grads-dtype bf16     --num-layers 60 --hidden-size 6144 --ffn-hidden-size 24576 --num-attention-heads 48 --group-query-attention --num-query-groups 8 --max-position-embeddings 4096 --position-embedding-type rope --normalization RMSNorm --swiglu --untie-embeddings-and-output-weights --seq-length 4096     --micro-batch-size 1 --global-batch-size 256 --train-iters 60 --log-interval 1 --eval-interval 60 --eval-iters 0 --cross-entropy-loss-fusion --disable-bias-linear --optimizer adam --dataloader-type single --no-check-for-nan-in-loss-and-grad --manual-gc --manual-gc-interval 50     --attention-dropout 0.0 --hidden-dropout 0.0 --weight-decay 0.1 --clip-grad 1.0 --adam-beta1 0.9 --adam-beta2 0.95     --lr 3e-4 --lr-decay-style constant --lr-warmup-iters 10     --seed 42 --init-method-std 0.02     --bf16     --tensor-model-parallel-size 4 --pipeline-model-parallel-size 1 --sequence-parallel --use-distributed-optimizer --overlap-grad-reduce --overlap-param-gather     --log-throughput --log-progress --tensorboard-dir /iopsstor/scratch/cscs/course_00326/gipfelsturm/gipfelsturm/throughput-32b-baseline-32b-tp4-1n-tp4-pp1-mbs1/tensorboard --log-timers-to-tensorboard --log-memory-to-tensorboard     --tokenizer-type GPT2BPETokenizer --vocab-file /users/course_00326/scratch/lsaie-ss26-gipfelsturm/data/gpt2-vocab.json --merge-file /users/course_00326/scratch/lsaie-ss26-gipfelsturm/data/gpt2-merges.txt     --data-path /capstor/store/cscs/swissai/infra01/datasets/nvidia/Nemotron-ClimbMix/climbmix_small_megatron/climbmix_small --data-cache-path /iopsstor/scratch/cscs/course_00326/gipfelsturm/cache --split 99,1,0 --num-workers 1              --wandb-save-dir /iopsstor/scratch/cscs/course_00326/gipfelsturm/gipfelsturm/throughput-32b-baseline-32b-tp4-1n-tp4-pp1-mbs1         --wandb-project gipfelsturm         --wandb-exp-name throughput-32b-baseline-32b-tp4-1n-tp4-pp1-mbs1-2152488"
logs/gipfel-throughput-32b-cg-attn-32b-tp4-60s-1n-tp4-pp1-mbs1-2152489.log,2152489,32b,cg-attn-32b-tp4,1,4,1,1,256,4096,,,,oom,60,transformer_engine,attn,,,,no,,,bf16,,,"torchrun --nproc-per-node 4 --nnodes 1 --rdzv_endpoint nid006793:25678 --rdzv_backend c10d --max_restarts 0 --tee 3 /users/course_00326/scratch/lsaie-ss26-gipfelsturm/Megatron-LM/pretrain_gpt.py     --transformer-impl transformer_engine --use-precision-aware-optimizer --main-grads-dtype bf16     --num-layers 60 --hidden-size 6144 --ffn-hidden-size 24576 --num-attention-heads 48 --group-query-attention --num-query-groups 8 --max-position-embeddings 4096 --position-embedding-type rope --normalization RMSNorm --swiglu --untie-embeddings-and-output-weights --seq-length 4096     --micro-batch-size 1 --global-batch-size 256 --train-iters 60 --log-interval 1 --eval-interval 60 --eval-iters 0 --cross-entropy-loss-fusion --disable-bias-linear --optimizer adam --dataloader-type single --no-check-for-nan-in-loss-and-grad --manual-gc --manual-gc-interval 50     --attention-dropout 0.0 --hidden-dropout 0.0 --weight-decay 0.1 --clip-grad 1.0 --adam-beta1 0.9 --adam-beta2 0.95     --lr 3e-4 --lr-decay-style constant --lr-warmup-iters 10     --seed 42 --init-method-std 0.02     --bf16     --tensor-model-parallel-size 4 --pipeline-model-parallel-size 1 --sequence-parallel --use-distributed-optimizer --overlap-grad-reduce --overlap-param-gather     --log-throughput --log-progress --tensorboard-dir /iopsstor/scratch/cscs/course_00326/gipfelsturm/gipfelsturm/throughput-32b-cg-attn-32b-tp4-1n-tp4-pp1-mbs1/tensorboard --log-timers-to-tensorboard --log-memory-to-tensorboard     --tokenizer-type GPT2BPETokenizer --vocab-file /users/course_00326/scratch/lsaie-ss26-gipfelsturm/data/gpt2-vocab.json --merge-file /users/course_00326/scratch/lsaie-ss26-gipfelsturm/data/gpt2-merges.txt     --data-path /capstor/store/cscs/swissai/infra01/datasets/nvidia/Nemotron-ClimbMix/climbmix_small_megatron/climbmix_small --data-cache-path /iopsstor/scratch/cscs/course_00326/gipfelsturm/cache --split 99,1,0 --num-workers 1     --cuda-graph-impl transformer_engine --cuda-graph-scope attn         --wandb-save-dir /iopsstor/scratch/cscs/course_00326/gipfelsturm/gipfelsturm/throughput-32b-cg-attn-32b-tp4-1n-tp4-pp1-mbs1         --wandb-project gipfelsturm         --wandb-exp-name throughput-32b-cg-attn-32b-tp4-1n-tp4-pp1-mbs1-2152489"
logs/gipfel-throughput-32b-cg-attn-mlp-32b-tp4-60s-1n-tp4-pp1-mbs1-2152491.log,2152491,32b,cg-attn-mlp-32b-tp4,1,4,1,1,256,4096,,,,oom,60,transformer_engine,attn mlp,,,,no,,,bf16,,,"torchrun --nproc-per-node 4 --nnodes 1 --rdzv_endpoint nid006882:25678 --rdzv_backend c10d --max_restarts 0 --tee 3 /users/course_00326/scratch/lsaie-ss26-gipfelsturm/Megatron-LM/pretrain_gpt.py     --transformer-impl transformer_engine --use-precision-aware-optimizer --main-grads-dtype bf16     --num-layers 60 --hidden-size 6144 --ffn-hidden-size 24576 --num-attention-heads 48 --group-query-attention --num-query-groups 8 --max-position-embeddings 4096 --position-embedding-type rope --normalization RMSNorm --swiglu --untie-embeddings-and-output-weights --seq-length 4096     --micro-batch-size 1 --global-batch-size 256 --train-iters 60 --log-interval 1 --eval-interval 60 --eval-iters 0 --cross-entropy-loss-fusion --disable-bias-linear --optimizer adam --dataloader-type single --no-check-for-nan-in-loss-and-grad --manual-gc --manual-gc-interval 50     --attention-dropout 0.0 --hidden-dropout 0.0 --weight-decay 0.1 --clip-grad 1.0 --adam-beta1 0.9 --adam-beta2 0.95     --lr 3e-4 --lr-decay-style constant --lr-warmup-iters 10     --seed 42 --init-method-std 0.02     --bf16     --tensor-model-parallel-size 4 --pipeline-model-parallel-size 1 --sequence-parallel --use-distributed-optimizer --overlap-grad-reduce --overlap-param-gather     --log-throughput --log-progress --tensorboard-dir /iopsstor/scratch/cscs/course_00326/gipfelsturm/gipfelsturm/throughput-32b-cg-attn-mlp-32b-tp4-1n-tp4-pp1-mbs1/tensorboard --log-timers-to-tensorboard --log-memory-to-tensorboard     --tokenizer-type GPT2BPETokenizer --vocab-file /users/course_00326/scratch/lsaie-ss26-gipfelsturm/data/gpt2-vocab.json --merge-file /users/course_00326/scratch/lsaie-ss26-gipfelsturm/data/gpt2-merges.txt     --data-path /capstor/store/cscs/swissai/infra01/datasets/nvidia/Nemotron-ClimbMix/climbmix_small_megatron/climbmix_small --data-cache-path /iopsstor/scratch/cscs/course_00326/gipfelsturm/cache --split 99,1,0 --num-workers 1     --cuda-graph-impl transformer_engine --cuda-graph-scope attn mlp         --wandb-save-dir /iopsstor/scratch/cscs/course_00326/gipfelsturm/gipfelsturm/throughput-32b-cg-attn-mlp-32b-tp4-1n-tp4-pp1-mbs1         --wandb-project gipfelsturm         --wandb-exp-name throughput-32b-cg-attn-mlp-32b-tp4-1n-tp4-pp1-mbs1-2152491"
logs/gipfel-throughput-32b-cg-fulliter-32b-tp4-60s-1n-tp4-pp1-mbs1-2152492.log,2152492,32b,cg-fulliter-32b-tp4,1,4,1,1,256,4096,,,,oom,60,local,full_iteration,,,,no,,,bf16,,,"torchrun --nproc-per-node 4 --nnodes 1 --rdzv_endpoint nid006884:25678 --rdzv_backend c10d --max_restarts 0 --tee 3 /users/course_00326/scratch/lsaie-ss26-gipfelsturm/Megatron-LM/pretrain_gpt.py     --transformer-impl transformer_engine --use-precision-aware-optimizer --main-grads-dtype bf16     --num-layers 60 --hidden-size 6144 --ffn-hidden-size 24576 --num-attention-heads 48 --group-query-attention --num-query-groups 8 --max-position-embeddings 4096 --position-embedding-type rope --normalization RMSNorm --swiglu --untie-embeddings-and-output-weights --seq-length 4096     --micro-batch-size 1 --global-batch-size 256 --train-iters 60 --log-interval 1 --eval-interval 60 --eval-iters 0 --cross-entropy-loss-fusion --disable-bias-linear --optimizer adam --dataloader-type single --no-check-for-nan-in-loss-and-grad --manual-gc --manual-gc-interval 50     --attention-dropout 0.0 --hidden-dropout 0.0 --weight-decay 0.1 --clip-grad 1.0 --adam-beta1 0.9 --adam-beta2 0.95     --lr 3e-4 --lr-decay-style constant --lr-warmup-iters 10     --seed 42 --init-method-std 0.02     --bf16     --tensor-model-parallel-size 4 --pipeline-model-parallel-size 1 --sequence-parallel --use-distributed-optimizer --overlap-grad-reduce --overlap-param-gather     --log-throughput --log-progress --tensorboard-dir /iopsstor/scratch/cscs/course_00326/gipfelsturm/gipfelsturm/throughput-32b-cg-fulliter-32b-tp4-1n-tp4-pp1-mbs1/tensorboard --log-timers-to-tensorboard --log-memory-to-tensorboard     --tokenizer-type GPT2BPETokenizer --vocab-file /users/course_00326/scratch/lsaie-ss26-gipfelsturm/data/gpt2-vocab.json --merge-file /users/course_00326/scratch/lsaie-ss26-gipfelsturm/data/gpt2-merges.txt     --data-path /capstor/store/cscs/swissai/infra01/datasets/nvidia/Nemotron-ClimbMix/climbmix_small_megatron/climbmix_small --data-cache-path /iopsstor/scratch/cscs/course_00326/gipfelsturm/cache --split 99,1,0 --num-workers 1     --cuda-graph-impl local --cuda-graph-scope full_iteration         --wandb-save-dir /iopsstor/scratch/cscs/course_00326/gipfelsturm/gipfelsturm/throughput-32b-cg-fulliter-32b-tp4-1n-tp4-pp1-mbs1         --wandb-project gipfelsturm         --wandb-exp-name throughput-32b-cg-fulliter-32b-tp4-1n-tp4-pp1-mbs1-2152492"
logs/gipfel-throughput-32b-cg-mlp-32b-tp4-60s-1n-tp4-pp1-mbs1-2152490.log,2152490,32b,cg-mlp-32b-tp4,1,4,1,1,256,4096,,,,oom,60,transformer_engine,mlp,,,,no,,,bf16,,,"torchrun --nproc-per-node 4 --nnodes 1 --rdzv_endpoint nid006866:25678 --rdzv_backend c10d --max_restarts 0 --tee 3 /users/course_00326/scratch/lsaie-ss26-gipfelsturm/Megatron-LM/pretrain_gpt.py     --transformer-impl transformer_engine --use-precision-aware-optimizer --main-grads-dtype bf16     --num-layers 60 --hidden-size 6144 --ffn-hidden-size 24576 --num-attention-heads 48 --group-query-attention --num-query-groups 8 --max-position-embeddings 4096 --position-embedding-type rope --normalization RMSNorm --swiglu --untie-embeddings-and-output-weights --seq-length 4096     --micro-batch-size 1 --global-batch-size 256 --train-iters 60 --log-interval 1 --eval-interval 60 --eval-iters 0 --cross-entropy-loss-fusion --disable-bias-linear --optimizer adam --dataloader-type single --no-check-for-nan-in-loss-and-grad --manual-gc --manual-gc-interval 50     --attention-dropout 0.0 --hidden-dropout 0.0 --weight-decay 0.1 --clip-grad 1.0 --adam-beta1 0.9 --adam-beta2 0.95     --lr 3e-4 --lr-decay-style constant --lr-warmup-iters 10     --seed 42 --init-method-std 0.02     --bf16     --tensor-model-parallel-size 4 --pipeline-model-parallel-size 1 --sequence-parallel --use-distributed-optimizer --overlap-grad-reduce --overlap-param-gather     --log-throughput --log-progress --tensorboard-dir /iopsstor/scratch/cscs/course_00326/gipfelsturm/gipfelsturm/throughput-32b-cg-mlp-32b-tp4-1n-tp4-pp1-mbs1/tensorboard --log-timers-to-tensorboard --log-memory-to-tensorboard     --tokenizer-type GPT2BPETokenizer --vocab-file /users/course_00326/scratch/lsaie-ss26-gipfelsturm/data/gpt2-vocab.json --merge-file /users/course_00326/scratch/lsaie-ss26-gipfelsturm/data/gpt2-merges.txt     --data-path /capstor/store/cscs/swissai/infra01/datasets/nvidia/Nemotron-ClimbMix/climbmix_small_megatron/climbmix_small --data-cache-path /iopsstor/scratch/cscs/course_00326/gipfelsturm/cache --split 99,1,0 --num-workers 1     --cuda-graph-impl transformer_engine --cuda-graph-scope mlp         --wandb-save-dir /iopsstor/scratch/cscs/course_00326/gipfelsturm/gipfelsturm/throughput-32b-cg-mlp-32b-tp4-1n-tp4-pp1-mbs1         --wandb-project gipfelsturm         --wandb-exp-name throughput-32b-cg-mlp-32b-tp4-1n-tp4-pp1-mbs1-2152490"
logs/gipfel-throughput-32b-fit-32b-4n-tp4pp4-60s-4n-tp4-pp4-mbs1-2178934.log,2178934,32b,fit-32b-4n-tp4pp4,4,4,4,1,256,4096,1960,1908,403,has_metrics,60,,,,,,no,,,bf16,,,"torchrun --nproc-per-node 4 --nnodes 4 --rdzv_endpoint nid006127:25678 --rdzv_backend c10d --max_restarts 0 --tee 3 /users/course_00326/scratch/lsaie-ss26-gipfelsturm/Megatron-LM/pretrain_gpt.py     --transformer-impl transformer_engine --use-precision-aware-optimizer --main-grads-dtype bf16     --num-layers 60 --hidden-size 6144 --ffn-hidden-size 24576 --num-attention-heads 48 --group-query-attention --num-query-groups 8 --max-position-embeddings 4096 --position-embedding-type rope --normalization RMSNorm --swiglu --untie-embeddings-and-output-weights --seq-length 4096     --micro-batch-size 1 --global-batch-size 256 --train-iters 60 --log-interval 1 --eval-interval 60 --eval-iters 0 --cross-entropy-loss-fusion --disable-bias-linear --optimizer adam --dataloader-type single --no-check-for-nan-in-loss-and-grad --manual-gc --manual-gc-interval 50     --attention-dropout 0.0 --hidden-dropout 0.0 --weight-decay 0.1 --clip-grad 1.0 --adam-beta1 0.9 --adam-beta2 0.95     --lr 3e-4 --lr-decay-style constant --lr-warmup-iters 10     --seed 42 --init-method-std 0.02     --bf16     --tensor-model-parallel-size 4 --pipeline-model-parallel-size 4 --sequence-parallel --use-distributed-optimizer --overlap-grad-reduce --overlap-param-gather     --log-throughput --log-progress --tensorboard-dir /iopsstor/scratch/cscs/course_00326/gipfelsturm/gipfelsturm/throughput-32b-fit-32b-4n-tp4pp4-4n-tp4-pp4-mbs1/tensorboard --log-timers-to-tensorboard --log-memory-to-tensorboard     --tokenizer-type GPT2BPETokenizer --vocab-file /users/course_00326/scratch/lsaie-ss26-gipfelsturm/data/gpt2-vocab.json --merge-file /users/course_00326/scratch/lsaie-ss26-gipfelsturm/data/gpt2-merges.txt     --data-path /capstor/store/cscs/swissai/infra01/datasets/nvidia/Nemotron-ClimbMix/climbmix_small_megatron/climbmix_small --data-cache-path /iopsstor/scratch/cscs/course_00326/gipfelsturm/cache --split 99,1,0 --num-workers 1              --wandb-save-dir /iopsstor/scratch/cscs/course_00326/gipfelsturm/gipfelsturm/throughput-32b-fit-32b-4n-tp4pp4-4n-tp4-pp4-mbs1         --wandb-project gipfelsturm         --wandb-exp-name throughput-32b-fit-32b-4n-tp4pp4-4n-tp4-pp4-mbs1-2178934"
logs/gipfel-throughput-32b-fit-32b-4n-tp4pp4-60s-4n-tp4-pp4-mbs1-2178938.log,2178938,32b,fit-32b-4n-tp4pp4,4,4,4,1,256,4096,1961,1907,403,has_metrics,60,,,,,,no,,,bf16,,,"torchrun --nproc-per-node 4 --nnodes 4 --rdzv_endpoint nid007361:25678 --rdzv_backend c10d --max_restarts 0 --tee 3 /users/course_00326/scratch/lsaie-ss26-gipfelsturm/Megatron-LM/pretrain_gpt.py     --transformer-impl transformer_engine --use-precision-aware-optimizer --main-grads-dtype bf16     --num-layers 60 --hidden-size 6144 --ffn-hidden-size 24576 --num-attention-heads 48 --group-query-attention --num-query-groups 8 --max-position-embeddings 4096 --position-embedding-type rope --normalization RMSNorm --swiglu --untie-embeddings-and-output-weights --seq-length 4096     --micro-batch-size 1 --global-batch-size 256 --train-iters 60 --log-interval 1 --eval-interval 60 --eval-iters 0 --cross-entropy-loss-fusion --disable-bias-linear --optimizer adam --dataloader-type single --no-check-for-nan-in-loss-and-grad --manual-gc --manual-gc-interval 50     --attention-dropout 0.0 --hidden-dropout 0.0 --weight-decay 0.1 --clip-grad 1.0 --adam-beta1 0.9 --adam-beta2 0.95     --lr 3e-4 --lr-decay-style constant --lr-warmup-iters 10     --seed 42 --init-method-std 0.02     --bf16     --tensor-model-parallel-size 4 --pipeline-model-parallel-size 4 --sequence-parallel --use-distributed-optimizer --overlap-grad-reduce --overlap-param-gather     --log-throughput --log-progress --tensorboard-dir /iopsstor/scratch/cscs/course_00326/gipfelsturm/gipfelsturm/throughput-32b-fit-32b-4n-tp4pp4-4n-tp4-pp4-mbs1/tensorboard --log-timers-to-tensorboard --log-memory-to-tensorboard     --tokenizer-type GPT2BPETokenizer --vocab-file /users/course_00326/scratch/lsaie-ss26-gipfelsturm/data/gpt2-vocab.json --merge-file /users/course_00326/scratch/lsaie-ss26-gipfelsturm/data/gpt2-merges.txt     --data-path /capstor/store/cscs/swissai/infra01/datasets/nvidia/Nemotron-ClimbMix/climbmix_small_megatron/climbmix_small --data-cache-path /iopsstor/scratch/cscs/course_00326/gipfelsturm/cache --split 99,1,0 --num-workers 1              --wandb-save-dir /iopsstor/scratch/cscs/course_00326/gipfelsturm/gipfelsturm/throughput-32b-fit-32b-4n-tp4pp4-4n-tp4-pp4-mbs1         --wandb-project gipfelsturm         --wandb-exp-name throughput-32b-fit-32b-4n-tp4pp4-4n-tp4-pp4-mbs1-2178938"
logs/gipfel-throughput-32b-fit-32b-4n-tp4pp4-recompute-60s-4n-tp4-pp4-mbs1-2178940.log,2178940,32b,fit-32b-4n-tp4pp4-recompute,4,4,4,1,256,4096,1519,1502,313,has_metrics,60,,,full,uniform,1,no,,,bf16,,,"torchrun --nproc-per-node 4 --nnodes 4 --rdzv_endpoint nid007392:25678 --rdzv_backend c10d --max_restarts 0 --tee 3 /users/course_00326/scratch/lsaie-ss26-gipfelsturm/Megatron-LM/pretrain_gpt.py     --transformer-impl transformer_engine --use-precision-aware-optimizer --main-grads-dtype bf16     --num-layers 60 --hidden-size 6144 --ffn-hidden-size 24576 --num-attention-heads 48 --group-query-attention --num-query-groups 8 --max-position-embeddings 4096 --position-embedding-type rope --normalization RMSNorm --swiglu --untie-embeddings-and-output-weights --seq-length 4096     --micro-batch-size 1 --global-batch-size 256 --train-iters 60 --log-interval 1 --eval-interval 60 --eval-iters 0 --cross-entropy-loss-fusion --disable-bias-linear --optimizer adam --dataloader-type single --no-check-for-nan-in-loss-and-grad --manual-gc --manual-gc-interval 50     --attention-dropout 0.0 --hidden-dropout 0.0 --weight-decay 0.1 --clip-grad 1.0 --adam-beta1 0.9 --adam-beta2 0.95     --lr 3e-4 --lr-decay-style constant --lr-warmup-iters 10     --seed 42 --init-method-std 0.02     --bf16     --tensor-model-parallel-size 4 --pipeline-model-parallel-size 4 --sequence-parallel --use-distributed-optimizer --overlap-grad-reduce --overlap-param-gather     --log-throughput --log-progress --tensorboard-dir /iopsstor/scratch/cscs/course_00326/gipfelsturm/gipfelsturm/throughput-32b-fit-32b-4n-tp4pp4-recompute-4n-tp4-pp4-mbs1/tensorboard --log-timers-to-tensorboard --log-memory-to-tensorboard     --tokenizer-type GPT2BPETokenizer --vocab-file /users/course_00326/scratch/lsaie-ss26-gipfelsturm/data/gpt2-vocab.json --merge-file /users/course_00326/scratch/lsaie-ss26-gipfelsturm/data/gpt2-merges.txt     --data-path /capstor/store/cscs/swissai/infra01/datasets/nvidia/Nemotron-ClimbMix/climbmix_small_megatron/climbmix_small --data-cache-path /iopsstor/scratch/cscs/course_00326/gipfelsturm/cache --split 99,1,0 --num-workers 1     --recompute-granularity full --recompute-method uniform --recompute-num-layers 1         --wandb-save-dir /iopsstor/scratch/cscs/course_00326/gipfelsturm/gipfelsturm/throughput-32b-fit-32b-4n-tp4pp4-recompute-4n-tp4-pp4-mbs1         --wandb-project gipfelsturm         --wandb-exp-name throughput-32b-fit-32b-4n-tp4pp4-recompute-4n-tp4-pp4-mbs1-2178940"
logs/gipfel-throughput-32b-fit-32b-cpuopt-60s-1n-tp4-pp1-mbs1-2177775.log,2177775,32b,fit-32b-cpuopt,1,4,1,1,256,4096,,,,oom,60,,,,,,yes,1.0,fp16,bf16,bf16,bf16,"torchrun --nproc-per-node 4 --nnodes 1 --rdzv_endpoint nid007461:25678 --rdzv_backend c10d --max_restarts 0 --tee 3 /users/course_00326/scratch/lsaie-ss26-gipfelsturm/Megatron-LM/pretrain_gpt.py     --transformer-impl transformer_engine --use-precision-aware-optimizer --main-grads-dtype bf16     --num-layers 60 --hidden-size 6144 --ffn-hidden-size 24576 --num-attention-heads 48 --group-query-attention --num-query-groups 8 --max-position-embeddings 4096 --position-embedding-type rope --normalization RMSNorm --swiglu --untie-embeddings-and-output-weights --seq-length 4096     --micro-batch-size 1 --global-batch-size 256 --train-iters 60 --log-interval 1 --eval-interval 60 --eval-iters 0 --cross-entropy-loss-fusion --disable-bias-linear --optimizer adam --dataloader-type single --no-check-for-nan-in-loss-and-grad --manual-gc --manual-gc-interval 50     --attention-dropout 0.0 --hidden-dropout 0.0 --weight-decay 0.1 --clip-grad 1.0 --adam-beta1 0.9 --adam-beta2 0.95     --lr 3e-4 --lr-decay-style constant --lr-warmup-iters 10     --seed 42 --init-method-std 0.02     --bf16     --tensor-model-parallel-size 4 --pipeline-model-parallel-size 1 --sequence-parallel --use-distributed-optimizer --overlap-grad-reduce --overlap-param-gather     --log-throughput --log-progress --tensorboard-dir /iopsstor/scratch/cscs/course_00326/gipfelsturm/gipfelsturm/throughput-32b-fit-32b-cpuopt-1n-tp4-pp1-mbs1/tensorboard --log-timers-to-tensorboard --log-memory-to-tensorboard     --tokenizer-type GPT2BPETokenizer --vocab-file /users/course_00326/scratch/lsaie-ss26-gipfelsturm/data/gpt2-vocab.json --merge-file /users/course_00326/scratch/lsaie-ss26-gipfelsturm/data/gpt2-merges.txt     --data-path /capstor/store/cscs/swissai/infra01/datasets/nvidia/Nemotron-ClimbMix/climbmix_small_megatron/climbmix_small --data-cache-path /iopsstor/scratch/cscs/course_00326/gipfelsturm/cache --split 99,1,0 --num-workers 1     --optimizer-cpu-offload --optimizer-offload-fraction 1.0 --main-params-dtype fp16 --exp-avg-dtype bf16 --exp-avg-sq-dtype bf16         --wandb-save-dir /iopsstor/scratch/cscs/course_00326/gipfelsturm/gipfelsturm/throughput-32b-fit-32b-cpuopt-1n-tp4-pp1-mbs1         --wandb-project gipfelsturm         --wandb-exp-name throughput-32b-fit-32b-cpuopt-1n-tp4-pp1-mbs1-2177775"
logs/gipfel-throughput-32b-fit-32b-cpuopt-f025-60s-1n-tp4-pp1-mbs1-2178927.log,2178927,32b,fit-32b-cpuopt-f025,1,4,1,1,256,4096,,,,oom,60,,,,,,yes,0.25,fp16,bf16,bf16,bf16,"torchrun --nproc-per-node 4 --nnodes 1 --rdzv_endpoint nid007595:25678 --rdzv_backend c10d --max_restarts 0 --tee 3 /users/course_00326/scratch/lsaie-ss26-gipfelsturm/Megatron-LM/pretrain_gpt.py     --transformer-impl transformer_engine --use-precision-aware-optimizer --main-grads-dtype bf16     --num-layers 60 --hidden-size 6144 --ffn-hidden-size 24576 --num-attention-heads 48 --group-query-attention --num-query-groups 8 --max-position-embeddings 4096 --position-embedding-type rope --normalization RMSNorm --swiglu --untie-embeddings-and-output-weights --seq-length 4096     --micro-batch-size 1 --global-batch-size 256 --train-iters 60 --log-interval 1 --eval-interval 60 --eval-iters 0 --cross-entropy-loss-fusion --disable-bias-linear --optimizer adam --dataloader-type single --no-check-for-nan-in-loss-and-grad --manual-gc --manual-gc-interval 50     --attention-dropout 0.0 --hidden-dropout 0.0 --weight-decay 0.1 --clip-grad 1.0 --adam-beta1 0.9 --adam-beta2 0.95     --lr 3e-4 --lr-decay-style constant --lr-warmup-iters 10     --seed 42 --init-method-std 0.02     --bf16     --tensor-model-parallel-size 4 --pipeline-model-parallel-size 1 --sequence-parallel --use-distributed-optimizer --overlap-grad-reduce --overlap-param-gather     --log-throughput --log-progress --tensorboard-dir /iopsstor/scratch/cscs/course_00326/gipfelsturm/gipfelsturm/throughput-32b-fit-32b-cpuopt-f025-1n-tp4-pp1-mbs1/tensorboard --log-timers-to-tensorboard --log-memory-to-tensorboard     --tokenizer-type GPT2BPETokenizer --vocab-file /users/course_00326/scratch/lsaie-ss26-gipfelsturm/data/gpt2-vocab.json --merge-file /users/course_00326/scratch/lsaie-ss26-gipfelsturm/data/gpt2-merges.txt     --data-path /capstor/store/cscs/swissai/infra01/datasets/nvidia/Nemotron-ClimbMix/climbmix_small_megatron/climbmix_small --data-cache-path /iopsstor/scratch/cscs/course_00326/gipfelsturm/cache --split 99,1,0 --num-workers 1     --optimizer-cpu-offload --optimizer-offload-fraction 0.25 --main-params-dtype fp16 --exp-avg-dtype bf16 --exp-avg-sq-dtype bf16         --wandb-save-dir /iopsstor/scratch/cscs/course_00326/gipfelsturm/gipfelsturm/throughput-32b-fit-32b-cpuopt-f025-1n-tp4-pp1-mbs1         --wandb-project gipfelsturm         --wandb-exp-name throughput-32b-fit-32b-cpuopt-f025-1n-tp4-pp1-mbs1-2178927"
logs/gipfel-throughput-32b-fit-32b-cpuopt-f025-60s-1n-tp4-pp1-mbs1-2178931.log,2178931,32b,fit-32b-cpuopt-f025,1,4,1,1,256,4096,,,,oom,60,,,,,,yes,0.25,fp16,bf16,bf16,bf16,"torchrun --nproc-per-node 4 --nnodes 1 --rdzv_endpoint nid007297:25678 --rdzv_backend c10d --max_restarts 0 --tee 3 /users/course_00326/scratch/lsaie-ss26-gipfelsturm/Megatron-LM/pretrain_gpt.py     --transformer-impl transformer_engine --use-precision-aware-optimizer --main-grads-dtype bf16     --num-layers 60 --hidden-size 6144 --ffn-hidden-size 24576 --num-attention-heads 48 --group-query-attention --num-query-groups 8 --max-position-embeddings 4096 --position-embedding-type rope --normalization RMSNorm --swiglu --untie-embeddings-and-output-weights --seq-length 4096     --micro-batch-size 1 --global-batch-size 256 --train-iters 60 --log-interval 1 --eval-interval 60 --eval-iters 0 --cross-entropy-loss-fusion --disable-bias-linear --optimizer adam --dataloader-type single --no-check-for-nan-in-loss-and-grad --manual-gc --manual-gc-interval 50     --attention-dropout 0.0 --hidden-dropout 0.0 --weight-decay 0.1 --clip-grad 1.0 --adam-beta1 0.9 --adam-beta2 0.95     --lr 3e-4 --lr-decay-style constant --lr-warmup-iters 10     --seed 42 --init-method-std 0.02     --bf16     --tensor-model-parallel-size 4 --pipeline-model-parallel-size 1 --sequence-parallel --use-distributed-optimizer --overlap-grad-reduce --overlap-param-gather     --log-throughput --log-progress --tensorboard-dir /iopsstor/scratch/cscs/course_00326/gipfelsturm/gipfelsturm/throughput-32b-fit-32b-cpuopt-f025-1n-tp4-pp1-mbs1/tensorboard --log-timers-to-tensorboard --log-memory-to-tensorboard     --tokenizer-type GPT2BPETokenizer --vocab-file /users/course_00326/scratch/lsaie-ss26-gipfelsturm/data/gpt2-vocab.json --merge-file /users/course_00326/scratch/lsaie-ss26-gipfelsturm/data/gpt2-merges.txt     --data-path /capstor/store/cscs/swissai/infra01/datasets/nvidia/Nemotron-ClimbMix/climbmix_small_megatron/climbmix_small --data-cache-path /iopsstor/scratch/cscs/course_00326/gipfelsturm/cache --split 99,1,0 --num-workers 1     --optimizer-cpu-offload --optimizer-offload-fraction 0.25 --main-params-dtype fp16 --exp-avg-dtype bf16 --exp-avg-sq-dtype bf16         --wandb-save-dir /iopsstor/scratch/cscs/course_00326/gipfelsturm/gipfelsturm/throughput-32b-fit-32b-cpuopt-f025-1n-tp4-pp1-mbs1         --wandb-project gipfelsturm         --wandb-exp-name throughput-32b-fit-32b-cpuopt-f025-1n-tp4-pp1-mbs1-2178931"
logs/gipfel-throughput-32b-fit-32b-cpuopt-f050-60s-1n-tp4-pp1-mbs1-2178928.log,2178928,32b,fit-32b-cpuopt-f050,1,4,1,1,256,4096,,,,oom,60,,,,,,yes,0.50,fp16,bf16,bf16,bf16,"torchrun --nproc-per-node 4 --nnodes 1 --rdzv_endpoint nid006776:25678 --rdzv_backend c10d --max_restarts 0 --tee 3 /users/course_00326/scratch/lsaie-ss26-gipfelsturm/Megatron-LM/pretrain_gpt.py     --transformer-impl transformer_engine --use-precision-aware-optimizer --main-grads-dtype bf16     --num-layers 60 --hidden-size 6144 --ffn-hidden-size 24576 --num-attention-heads 48 --group-query-attention --num-query-groups 8 --max-position-embeddings 4096 --position-embedding-type rope --normalization RMSNorm --swiglu --untie-embeddings-and-output-weights --seq-length 4096     --micro-batch-size 1 --global-batch-size 256 --train-iters 60 --log-interval 1 --eval-interval 60 --eval-iters 0 --cross-entropy-loss-fusion --disable-bias-linear --optimizer adam --dataloader-type single --no-check-for-nan-in-loss-and-grad --manual-gc --manual-gc-interval 50     --attention-dropout 0.0 --hidden-dropout 0.0 --weight-decay 0.1 --clip-grad 1.0 --adam-beta1 0.9 --adam-beta2 0.95     --lr 3e-4 --lr-decay-style constant --lr-warmup-iters 10     --seed 42 --init-method-std 0.02     --bf16     --tensor-model-parallel-size 4 --pipeline-model-parallel-size 1 --sequence-parallel --use-distributed-optimizer --overlap-grad-reduce --overlap-param-gather     --log-throughput --log-progress --tensorboard-dir /iopsstor/scratch/cscs/course_00326/gipfelsturm/gipfelsturm/throughput-32b-fit-32b-cpuopt-f050-1n-tp4-pp1-mbs1/tensorboard --log-timers-to-tensorboard --log-memory-to-tensorboard     --tokenizer-type GPT2BPETokenizer --vocab-file /users/course_00326/scratch/lsaie-ss26-gipfelsturm/data/gpt2-vocab.json --merge-file /users/course_00326/scratch/lsaie-ss26-gipfelsturm/data/gpt2-merges.txt     --data-path /capstor/store/cscs/swissai/infra01/datasets/nvidia/Nemotron-ClimbMix/climbmix_small_megatron/climbmix_small --data-cache-path /iopsstor/scratch/cscs/course_00326/gipfelsturm/cache --split 99,1,0 --num-workers 1     --optimizer-cpu-offload --optimizer-offload-fraction 0.50 --main-params-dtype fp16 --exp-avg-dtype bf16 --exp-avg-sq-dtype bf16         --wandb-save-dir /iopsstor/scratch/cscs/course_00326/gipfelsturm/gipfelsturm/throughput-32b-fit-32b-cpuopt-f050-1n-tp4-pp1-mbs1         --wandb-project gipfelsturm         --wandb-exp-name throughput-32b-fit-32b-cpuopt-f050-1n-tp4-pp1-mbs1-2178928"
logs/gipfel-throughput-32b-fit-32b-cpuopt-f050-60s-1n-tp4-pp1-mbs1-2178932.log,2178932,32b,fit-32b-cpuopt-f050,1,4,1,1,256,4096,,,,oom,60,,,,,,yes,0.50,fp16,bf16,bf16,bf16,"torchrun --nproc-per-node 4 --nnodes 1 --rdzv_endpoint nid007447:25678 --rdzv_backend c10d --max_restarts 0 --tee 3 /users/course_00326/scratch/lsaie-ss26-gipfelsturm/Megatron-LM/pretrain_gpt.py     --transformer-impl transformer_engine --use-precision-aware-optimizer --main-grads-dtype bf16     --num-layers 60 --hidden-size 6144 --ffn-hidden-size 24576 --num-attention-heads 48 --group-query-attention --num-query-groups 8 --max-position-embeddings 4096 --position-embedding-type rope --normalization RMSNorm --swiglu --untie-embeddings-and-output-weights --seq-length 4096     --micro-batch-size 1 --global-batch-size 256 --train-iters 60 --log-interval 1 --eval-interval 60 --eval-iters 0 --cross-entropy-loss-fusion --disable-bias-linear --optimizer adam --dataloader-type single --no-check-for-nan-in-loss-and-grad --manual-gc --manual-gc-interval 50     --attention-dropout 0.0 --hidden-dropout 0.0 --weight-decay 0.1 --clip-grad 1.0 --adam-beta1 0.9 --adam-beta2 0.95     --lr 3e-4 --lr-decay-style constant --lr-warmup-iters 10     --seed 42 --init-method-std 0.02     --bf16     --tensor-model-parallel-size 4 --pipeline-model-parallel-size 1 --sequence-parallel --use-distributed-optimizer --overlap-grad-reduce --overlap-param-gather     --log-throughput --log-progress --tensorboard-dir /iopsstor/scratch/cscs/course_00326/gipfelsturm/gipfelsturm/throughput-32b-fit-32b-cpuopt-f050-1n-tp4-pp1-mbs1/tensorboard --log-timers-to-tensorboard --log-memory-to-tensorboard     --tokenizer-type GPT2BPETokenizer --vocab-file /users/course_00326/scratch/lsaie-ss26-gipfelsturm/data/gpt2-vocab.json --merge-file /users/course_00326/scratch/lsaie-ss26-gipfelsturm/data/gpt2-merges.txt     --data-path /capstor/store/cscs/swissai/infra01/datasets/nvidia/Nemotron-ClimbMix/climbmix_small_megatron/climbmix_small --data-cache-path /iopsstor/scratch/cscs/course_00326/gipfelsturm/cache --split 99,1,0 --num-workers 1     --optimizer-cpu-offload --optimizer-offload-fraction 0.50 --main-params-dtype fp16 --exp-avg-dtype bf16 --exp-avg-sq-dtype bf16         --wandb-save-dir /iopsstor/scratch/cscs/course_00326/gipfelsturm/gipfelsturm/throughput-32b-fit-32b-cpuopt-f050-1n-tp4-pp1-mbs1         --wandb-project gipfelsturm         --wandb-exp-name throughput-32b-fit-32b-cpuopt-f050-1n-tp4-pp1-mbs1-2178932"
logs/gipfel-throughput-32b-fit-32b-cpuopt-f075-60s-1n-tp4-pp1-mbs1-2178930.log,2178930,32b,fit-32b-cpuopt-f075,1,4,1,1,256,4096,,,,oom,60,,,,,,yes,0.75,fp16,bf16,bf16,bf16,"torchrun --nproc-per-node 4 --nnodes 1 --rdzv_endpoint nid007261:25678 --rdzv_backend c10d --max_restarts 0 --tee 3 /users/course_00326/scratch/lsaie-ss26-gipfelsturm/Megatron-LM/pretrain_gpt.py     --transformer-impl transformer_engine --use-precision-aware-optimizer --main-grads-dtype bf16     --num-layers 60 --hidden-size 6144 --ffn-hidden-size 24576 --num-attention-heads 48 --group-query-attention --num-query-groups 8 --max-position-embeddings 4096 --position-embedding-type rope --normalization RMSNorm --swiglu --untie-embeddings-and-output-weights --seq-length 4096     --micro-batch-size 1 --global-batch-size 256 --train-iters 60 --log-interval 1 --eval-interval 60 --eval-iters 0 --cross-entropy-loss-fusion --disable-bias-linear --optimizer adam --dataloader-type single --no-check-for-nan-in-loss-and-grad --manual-gc --manual-gc-interval 50     --attention-dropout 0.0 --hidden-dropout 0.0 --weight-decay 0.1 --clip-grad 1.0 --adam-beta1 0.9 --adam-beta2 0.95     --lr 3e-4 --lr-decay-style constant --lr-warmup-iters 10     --seed 42 --init-method-std 0.02     --bf16     --tensor-model-parallel-size 4 --pipeline-model-parallel-size 1 --sequence-parallel --use-distributed-optimizer --overlap-grad-reduce --overlap-param-gather     --log-throughput --log-progress --tensorboard-dir /iopsstor/scratch/cscs/course_00326/gipfelsturm/gipfelsturm/throughput-32b-fit-32b-cpuopt-f075-1n-tp4-pp1-mbs1/tensorboard --log-timers-to-tensorboard --log-memory-to-tensorboard     --tokenizer-type GPT2BPETokenizer --vocab-file /users/course_00326/scratch/lsaie-ss26-gipfelsturm/data/gpt2-vocab.json --merge-file /users/course_00326/scratch/lsaie-ss26-gipfelsturm/data/gpt2-merges.txt     --data-path /capstor/store/cscs/swissai/infra01/datasets/nvidia/Nemotron-ClimbMix/climbmix_small_megatron/climbmix_small --data-cache-path /iopsstor/scratch/cscs/course_00326/gipfelsturm/cache --split 99,1,0 --num-workers 1     --optimizer-cpu-offload --optimizer-offload-fraction 0.75 --main-params-dtype fp16 --exp-avg-dtype bf16 --exp-avg-sq-dtype bf16         --wandb-save-dir /iopsstor/scratch/cscs/course_00326/gipfelsturm/gipfelsturm/throughput-32b-fit-32b-cpuopt-f075-1n-tp4-pp1-mbs1         --wandb-project gipfelsturm         --wandb-exp-name throughput-32b-fit-32b-cpuopt-f075-1n-tp4-pp1-mbs1-2178930"
logs/gipfel-throughput-32b-fit-32b-cpuopt-f075-60s-1n-tp4-pp1-mbs1-2178933.log,2178933,32b,fit-32b-cpuopt-f075,1,4,1,1,256,4096,,,,oom,60,,,,,,yes,0.75,fp16,bf16,bf16,bf16,"torchrun --nproc-per-node 4 --nnodes 1 --rdzv_endpoint nid007460:25678 --rdzv_backend c10d --max_restarts 0 --tee 3 /users/course_00326/scratch/lsaie-ss26-gipfelsturm/Megatron-LM/pretrain_gpt.py     --transformer-impl transformer_engine --use-precision-aware-optimizer --main-grads-dtype bf16     --num-layers 60 --hidden-size 6144 --ffn-hidden-size 24576 --num-attention-heads 48 --group-query-attention --num-query-groups 8 --max-position-embeddings 4096 --position-embedding-type rope --normalization RMSNorm --swiglu --untie-embeddings-and-output-weights --seq-length 4096     --micro-batch-size 1 --global-batch-size 256 --train-iters 60 --log-interval 1 --eval-interval 60 --eval-iters 0 --cross-entropy-loss-fusion --disable-bias-linear --optimizer adam --dataloader-type single --no-check-for-nan-in-loss-and-grad --manual-gc --manual-gc-interval 50     --attention-dropout 0.0 --hidden-dropout 0.0 --weight-decay 0.1 --clip-grad 1.0 --adam-beta1 0.9 --adam-beta2 0.95     --lr 3e-4 --lr-decay-style constant --lr-warmup-iters 10     --seed 42 --init-method-std 0.02     --bf16     --tensor-model-parallel-size 4 --pipeline-model-parallel-size 1 --sequence-parallel --use-distributed-optimizer --overlap-grad-reduce --overlap-param-gather     --log-throughput --log-progress --tensorboard-dir /iopsstor/scratch/cscs/course_00326/gipfelsturm/gipfelsturm/throughput-32b-fit-32b-cpuopt-f075-1n-tp4-pp1-mbs1/tensorboard --log-timers-to-tensorboard --log-memory-to-tensorboard     --tokenizer-type GPT2BPETokenizer --vocab-file /users/course_00326/scratch/lsaie-ss26-gipfelsturm/data/gpt2-vocab.json --merge-file /users/course_00326/scratch/lsaie-ss26-gipfelsturm/data/gpt2-merges.txt     --data-path /capstor/store/cscs/swissai/infra01/datasets/nvidia/Nemotron-ClimbMix/climbmix_small_megatron/climbmix_small --data-cache-path /iopsstor/scratch/cscs/course_00326/gipfelsturm/cache --split 99,1,0 --num-workers 1     --optimizer-cpu-offload --optimizer-offload-fraction 0.75 --main-params-dtype fp16 --exp-avg-dtype bf16 --exp-avg-sq-dtype bf16         --wandb-save-dir /iopsstor/scratch/cscs/course_00326/gipfelsturm/gipfelsturm/throughput-32b-fit-32b-cpuopt-f075-1n-tp4-pp1-mbs1         --wandb-project gipfelsturm         --wandb-exp-name throughput-32b-fit-32b-cpuopt-f075-1n-tp4-pp1-mbs1-2178933"
logs/gipfel-throughput-32b-fit-32b-cpuopt-selective-60s-1n-tp4-pp1-mbs1-2177787.log,2177787,32b,fit-32b-cpuopt-selective,1,4,1,1,256,4096,,,,oom,60,,,selective,,,yes,1.0,fp16,bf16,bf16,bf16,"torchrun --nproc-per-node 4 --nnodes 1 --rdzv_endpoint nid007198:25678 --rdzv_backend c10d --max_restarts 0 --tee 3 /users/course_00326/scratch/lsaie-ss26-gipfelsturm/Megatron-LM/pretrain_gpt.py     --transformer-impl transformer_engine --use-precision-aware-optimizer --main-grads-dtype bf16     --num-layers 60 --hidden-size 6144 --ffn-hidden-size 24576 --num-attention-heads 48 --group-query-attention --num-query-groups 8 --max-position-embeddings 4096 --position-embedding-type rope --normalization RMSNorm --swiglu --untie-embeddings-and-output-weights --seq-length 4096     --micro-batch-size 1 --global-batch-size 256 --train-iters 60 --log-interval 1 --eval-interval 60 --eval-iters 0 --cross-entropy-loss-fusion --disable-bias-linear --optimizer adam --dataloader-type single --no-check-for-nan-in-loss-and-grad --manual-gc --manual-gc-interval 50     --attention-dropout 0.0 --hidden-dropout 0.0 --weight-decay 0.1 --clip-grad 1.0 --adam-beta1 0.9 --adam-beta2 0.95     --lr 3e-4 --lr-decay-style constant --lr-warmup-iters 10     --seed 42 --init-method-std 0.02     --bf16     --tensor-model-parallel-size 4 --pipeline-model-parallel-size 1 --sequence-parallel --use-distributed-optimizer --overlap-grad-reduce --overlap-param-gather     --log-throughput --log-progress --tensorboard-dir /iopsstor/scratch/cscs/course_00326/gipfelsturm/gipfelsturm/throughput-32b-fit-32b-cpuopt-selective-1n-tp4-pp1-mbs1/tensorboard --log-timers-to-tensorboard --log-memory-to-tensorboard     --tokenizer-type GPT2BPETokenizer --vocab-file /users/course_00326/scratch/lsaie-ss26-gipfelsturm/data/gpt2-vocab.json --merge-file /users/course_00326/scratch/lsaie-ss26-gipfelsturm/data/gpt2-merges.txt     --data-path /capstor/store/cscs/swissai/infra01/datasets/nvidia/Nemotron-ClimbMix/climbmix_small_megatron/climbmix_small --data-cache-path /iopsstor/scratch/cscs/course_00326/gipfelsturm/cache --split 99,1,0 --num-workers 1     --optimizer-cpu-offload --optimizer-offload-fraction 1.0 --main-params-dtype fp16 --exp-avg-dtype bf16 --exp-avg-sq-dtype bf16 --recompute-granularity selective         --wandb-save-dir /iopsstor/scratch/cscs/course_00326/gipfelsturm/gipfelsturm/throughput-32b-fit-32b-cpuopt-selective-1n-tp4-pp1-mbs1         --wandb-project gipfelsturm         --wandb-exp-name throughput-32b-fit-32b-cpuopt-selective-1n-tp4-pp1-mbs1-2177787"
logs/gipfel-throughput-32b-fit-32b-full-recompute-60s-1n-tp4-pp1-mbs1-2176030.log,2176030,32b,fit-32b-full-recompute,1,4,1,1,256,4096,,,,oom,60,,,full,uniform,1,no,,,bf16,,,"torchrun --nproc-per-node 4 --nnodes 1 --rdzv_endpoint nid007236:25678 --rdzv_backend c10d --max_restarts 0 --tee 3 /users/course_00326/scratch/lsaie-ss26-gipfelsturm/Megatron-LM/pretrain_gpt.py     --transformer-impl transformer_engine --use-precision-aware-optimizer --main-grads-dtype bf16     --num-layers 60 --hidden-size 6144 --ffn-hidden-size 24576 --num-attention-heads 48 --group-query-attention --num-query-groups 8 --max-position-embeddings 4096 --position-embedding-type rope --normalization RMSNorm --swiglu --untie-embeddings-and-output-weights --seq-length 4096     --micro-batch-size 1 --global-batch-size 256 --train-iters 60 --log-interval 1 --eval-interval 60 --eval-iters 0 --cross-entropy-loss-fusion --disable-bias-linear --optimizer adam --dataloader-type single --no-check-for-nan-in-loss-and-grad --manual-gc --manual-gc-interval 50     --attention-dropout 0.0 --hidden-dropout 0.0 --weight-decay 0.1 --clip-grad 1.0 --adam-beta1 0.9 --adam-beta2 0.95     --lr 3e-4 --lr-decay-style constant --lr-warmup-iters 10     --seed 42 --init-method-std 0.02     --bf16     --tensor-model-parallel-size 4 --pipeline-model-parallel-size 1 --sequence-parallel --use-distributed-optimizer --overlap-grad-reduce --overlap-param-gather     --log-throughput --log-progress --tensorboard-dir /iopsstor/scratch/cscs/course_00326/gipfelsturm/gipfelsturm/throughput-32b-fit-32b-full-recompute-1n-tp4-pp1-mbs1/tensorboard --log-timers-to-tensorboard --log-memory-to-tensorboard     --tokenizer-type GPT2BPETokenizer --vocab-file /users/course_00326/scratch/lsaie-ss26-gipfelsturm/data/gpt2-vocab.json --merge-file /users/course_00326/scratch/lsaie-ss26-gipfelsturm/data/gpt2-merges.txt     --data-path /capstor/store/cscs/swissai/infra01/datasets/nvidia/Nemotron-ClimbMix/climbmix_small_megatron/climbmix_small --data-cache-path /iopsstor/scratch/cscs/course_00326/gipfelsturm/cache --split 99,1,0 --num-workers 1     --recompute-granularity full --recompute-method uniform --recompute-num-layers 1         --wandb-save-dir /iopsstor/scratch/cscs/course_00326/gipfelsturm/gipfelsturm/throughput-32b-fit-32b-full-recompute-1n-tp4-pp1-mbs1         --wandb-project gipfelsturm         --wandb-exp-name throughput-32b-fit-32b-full-recompute-1n-tp4-pp1-mbs1-2176030"
logs/gipfel-throughput-32b-fit-32b-pa-optimizer-60s-1n-tp4-pp1-mbs1-2177249.log,2177249,32b,fit-32b-pa-optimizer,1,4,1,1,256,4096,,,,oom,60,,,,,,no,,fp16,bf16,bf16,bf16,"torchrun --nproc-per-node 4 --nnodes 1 --rdzv_endpoint nid006661:25678 --rdzv_backend c10d --max_restarts 0 --tee 3 /users/course_00326/scratch/lsaie-ss26-gipfelsturm/Megatron-LM/pretrain_gpt.py     --transformer-impl transformer_engine --use-precision-aware-optimizer --main-grads-dtype bf16     --num-layers 60 --hidden-size 6144 --ffn-hidden-size 24576 --num-attention-heads 48 --group-query-attention --num-query-groups 8 --max-position-embeddings 4096 --position-embedding-type rope --normalization RMSNorm --swiglu --untie-embeddings-and-output-weights --seq-length 4096     --micro-batch-size 1 --global-batch-size 256 --train-iters 60 --log-interval 1 --eval-interval 60 --eval-iters 0 --cross-entropy-loss-fusion --disable-bias-linear --optimizer adam --dataloader-type single --no-check-for-nan-in-loss-and-grad --manual-gc --manual-gc-interval 50     --attention-dropout 0.0 --hidden-dropout 0.0 --weight-decay 0.1 --clip-grad 1.0 --adam-beta1 0.9 --adam-beta2 0.95     --lr 3e-4 --lr-decay-style constant --lr-warmup-iters 10     --seed 42 --init-method-std 0.02     --bf16     --tensor-model-parallel-size 4 --pipeline-model-parallel-size 1 --sequence-parallel --use-distributed-optimizer --overlap-grad-reduce --overlap-param-gather     --log-throughput --log-progress --tensorboard-dir /iopsstor/scratch/cscs/course_00326/gipfelsturm/gipfelsturm/throughput-32b-fit-32b-pa-optimizer-1n-tp4-pp1-mbs1/tensorboard --log-timers-to-tensorboard --log-memory-to-tensorboard     --tokenizer-type GPT2BPETokenizer --vocab-file /users/course_00326/scratch/lsaie-ss26-gipfelsturm/data/gpt2-vocab.json --merge-file /users/course_00326/scratch/lsaie-ss26-gipfelsturm/data/gpt2-merges.txt     --data-path /capstor/store/cscs/swissai/infra01/datasets/nvidia/Nemotron-ClimbMix/climbmix_small_megatron/climbmix_small --data-cache-path /iopsstor/scratch/cscs/course_00326/gipfelsturm/cache --split 99,1,0 --num-workers 1     --main-params-dtype fp16 --exp-avg-dtype bf16 --exp-avg-sq-dtype bf16         --wandb-save-dir /iopsstor/scratch/cscs/course_00326/gipfelsturm/gipfelsturm/throughput-32b-fit-32b-pa-optimizer-1n-tp4-pp1-mbs1         --wandb-project gipfelsturm         --wandb-exp-name throughput-32b-fit-32b-pa-optimizer-1n-tp4-pp1-mbs1-2177249"
logs/gipfel-throughput-32b-fit-32b-pa-optimizer-selective-60s-1n-tp4-pp1-mbs1-2177250.log,2177250,32b,fit-32b-pa-optimizer-selective,1,4,1,1,256,4096,,,,oom,60,,,selective,,,no,,fp16,bf16,bf16,bf16,"torchrun --nproc-per-node 4 --nnodes 1 --rdzv_endpoint nid006178:25678 --rdzv_backend c10d --max_restarts 0 --tee 3 /users/course_00326/scratch/lsaie-ss26-gipfelsturm/Megatron-LM/pretrain_gpt.py     --transformer-impl transformer_engine --use-precision-aware-optimizer --main-grads-dtype bf16     --num-layers 60 --hidden-size 6144 --ffn-hidden-size 24576 --num-attention-heads 48 --group-query-attention --num-query-groups 8 --max-position-embeddings 4096 --position-embedding-type rope --normalization RMSNorm --swiglu --untie-embeddings-and-output-weights --seq-length 4096     --micro-batch-size 1 --global-batch-size 256 --train-iters 60 --log-interval 1 --eval-interval 60 --eval-iters 0 --cross-entropy-loss-fusion --disable-bias-linear --optimizer adam --dataloader-type single --no-check-for-nan-in-loss-and-grad --manual-gc --manual-gc-interval 50     --attention-dropout 0.0 --hidden-dropout 0.0 --weight-decay 0.1 --clip-grad 1.0 --adam-beta1 0.9 --adam-beta2 0.95     --lr 3e-4 --lr-decay-style constant --lr-warmup-iters 10     --seed 42 --init-method-std 0.02     --bf16     --tensor-model-parallel-size 4 --pipeline-model-parallel-size 1 --sequence-parallel --use-distributed-optimizer --overlap-grad-reduce --overlap-param-gather     --log-throughput --log-progress --tensorboard-dir /iopsstor/scratch/cscs/course_00326/gipfelsturm/gipfelsturm/throughput-32b-fit-32b-pa-optimizer-selective-1n-tp4-pp1-mbs1/tensorboard --log-timers-to-tensorboard --log-memory-to-tensorboard     --tokenizer-type GPT2BPETokenizer --vocab-file /users/course_00326/scratch/lsaie-ss26-gipfelsturm/data/gpt2-vocab.json --merge-file /users/course_00326/scratch/lsaie-ss26-gipfelsturm/data/gpt2-merges.txt     --data-path /capstor/store/cscs/swissai/infra01/datasets/nvidia/Nemotron-ClimbMix/climbmix_small_megatron/climbmix_small --data-cache-path /iopsstor/scratch/cscs/course_00326/gipfelsturm/cache --split 99,1,0 --num-workers 1     --main-params-dtype fp16 --exp-avg-dtype bf16 --exp-avg-sq-dtype bf16 --recompute-granularity selective         --wandb-save-dir /iopsstor/scratch/cscs/course_00326/gipfelsturm/gipfelsturm/throughput-32b-fit-32b-pa-optimizer-selective-1n-tp4-pp1-mbs1         --wandb-project gipfelsturm         --wandb-exp-name throughput-32b-fit-32b-pa-optimizer-selective-1n-tp4-pp1-mbs1-2177250"
logs/gipfel-throughput-32b-fit-32b-selective-recompute-60s-1n-tp4-pp1-mbs1-2176029.log,2176029,32b,fit-32b-selective-recompute,1,4,1,1,256,4096,,,,oom,60,,,selective,,,no,,,bf16,,,"torchrun --nproc-per-node 4 --nnodes 1 --rdzv_endpoint nid007235:25678 --rdzv_backend c10d --max_restarts 0 --tee 3 /users/course_00326/scratch/lsaie-ss26-gipfelsturm/Megatron-LM/pretrain_gpt.py     --transformer-impl transformer_engine --use-precision-aware-optimizer --main-grads-dtype bf16     --num-layers 60 --hidden-size 6144 --ffn-hidden-size 24576 --num-attention-heads 48 --group-query-attention --num-query-groups 8 --max-position-embeddings 4096 --position-embedding-type rope --normalization RMSNorm --swiglu --untie-embeddings-and-output-weights --seq-length 4096     --micro-batch-size 1 --global-batch-size 256 --train-iters 60 --log-interval 1 --eval-interval 60 --eval-iters 0 --cross-entropy-loss-fusion --disable-bias-linear --optimizer adam --dataloader-type single --no-check-for-nan-in-loss-and-grad --manual-gc --manual-gc-interval 50     --attention-dropout 0.0 --hidden-dropout 0.0 --weight-decay 0.1 --clip-grad 1.0 --adam-beta1 0.9 --adam-beta2 0.95     --lr 3e-4 --lr-decay-style constant --lr-warmup-iters 10     --seed 42 --init-method-std 0.02     --bf16     --tensor-model-parallel-size 4 --pipeline-model-parallel-size 1 --sequence-parallel --use-distributed-optimizer --overlap-grad-reduce --overlap-param-gather     --log-throughput --log-progress --tensorboard-dir /iopsstor/scratch/cscs/course_00326/gipfelsturm/gipfelsturm/throughput-32b-fit-32b-selective-recompute-1n-tp4-pp1-mbs1/tensorboard --log-timers-to-tensorboard --log-memory-to-tensorboard     --tokenizer-type GPT2BPETokenizer --vocab-file /users/course_00326/scratch/lsaie-ss26-gipfelsturm/data/gpt2-vocab.json --merge-file /users/course_00326/scratch/lsaie-ss26-gipfelsturm/data/gpt2-merges.txt     --data-path /capstor/store/cscs/swissai/infra01/datasets/nvidia/Nemotron-ClimbMix/climbmix_small_megatron/climbmix_small --data-cache-path /iopsstor/scratch/cscs/course_00326/gipfelsturm/cache --split 99,1,0 --num-workers 1     --recompute-granularity selective         --wandb-save-dir /iopsstor/scratch/cscs/course_00326/gipfelsturm/gipfelsturm/throughput-32b-fit-32b-selective-recompute-1n-tp4-pp1-mbs1         --wandb-project gipfelsturm         --wandb-exp-name throughput-32b-fit-32b-selective-recompute-1n-tp4-pp1-mbs1-2176029"
logs/gipfel-throughput-32b-mbs1-32b-tp4-60s-1n-tp4-pp1-mbs1-2152493.log,2152493,32b,mbs1-32b-tp4,1,4,1,1,256,4096,,,,oom,60,,,,,,no,,,bf16,,,"torchrun --nproc-per-node 4 --nnodes 1 --rdzv_endpoint nid006891:25678 --rdzv_backend c10d --max_restarts 0 --tee 3 /users/course_00326/scratch/lsaie-ss26-gipfelsturm/Megatron-LM/pretrain_gpt.py     --transformer-impl transformer_engine --use-precision-aware-optimizer --main-grads-dtype bf16     --num-layers 60 --hidden-size 6144 --ffn-hidden-size 24576 --num-attention-heads 48 --group-query-attention --num-query-groups 8 --max-position-embeddings 4096 --position-embedding-type rope --normalization RMSNorm --swiglu --untie-embeddings-and-output-weights --seq-length 4096     --micro-batch-size 1 --global-batch-size 256 --train-iters 60 --log-interval 1 --eval-interval 60 --eval-iters 0 --cross-entropy-loss-fusion --disable-bias-linear --optimizer adam --dataloader-type single --no-check-for-nan-in-loss-and-grad --manual-gc --manual-gc-interval 50     --attention-dropout 0.0 --hidden-dropout 0.0 --weight-decay 0.1 --clip-grad 1.0 --adam-beta1 0.9 --adam-beta2 0.95     --lr 3e-4 --lr-decay-style constant --lr-warmup-iters 10     --seed 42 --init-method-std 0.02     --bf16     --tensor-model-parallel-size 4 --pipeline-model-parallel-size 1 --sequence-parallel --use-distributed-optimizer --overlap-grad-reduce --overlap-param-gather     --log-throughput --log-progress --tensorboard-dir /iopsstor/scratch/cscs/course_00326/gipfelsturm/gipfelsturm/throughput-32b-mbs1-32b-tp4-1n-tp4-pp1-mbs1/tensorboard --log-timers-to-tensorboard --log-memory-to-tensorboard     --tokenizer-type GPT2BPETokenizer --vocab-file /users/course_00326/scratch/lsaie-ss26-gipfelsturm/data/gpt2-vocab.json --merge-file /users/course_00326/scratch/lsaie-ss26-gipfelsturm/data/gpt2-merges.txt     --data-path /capstor/store/cscs/swissai/infra01/datasets/nvidia/Nemotron-ClimbMix/climbmix_small_megatron/climbmix_small --data-cache-path /iopsstor/scratch/cscs/course_00326/gipfelsturm/cache --split 99,1,0 --num-workers 1              --wandb-save-dir /iopsstor/scratch/cscs/course_00326/gipfelsturm/gipfelsturm/throughput-32b-mbs1-32b-tp4-1n-tp4-pp1-mbs1         --wandb-project gipfelsturm         --wandb-exp-name throughput-32b-mbs1-32b-tp4-1n-tp4-pp1-mbs1-2152493"
logs/gipfel-throughput-32b-mbs2-32b-tp4-60s-1n-tp4-pp1-mbs2-2152494.log,2152494,32b,mbs2-32b-tp4,1,4,1,2,256,4096,,,,oom,60,,,,,,no,,,bf16,,,"torchrun --nproc-per-node 4 --nnodes 1 --rdzv_endpoint nid006682:25678 --rdzv_backend c10d --max_restarts 0 --tee 3 /users/course_00326/scratch/lsaie-ss26-gipfelsturm/Megatron-LM/pretrain_gpt.py     --transformer-impl transformer_engine --use-precision-aware-optimizer --main-grads-dtype bf16     --num-layers 60 --hidden-size 6144 --ffn-hidden-size 24576 --num-attention-heads 48 --group-query-attention --num-query-groups 8 --max-position-embeddings 4096 --position-embedding-type rope --normalization RMSNorm --swiglu --untie-embeddings-and-output-weights --seq-length 4096     --micro-batch-size 2 --global-batch-size 256 --train-iters 60 --log-interval 1 --eval-interval 60 --eval-iters 0 --cross-entropy-loss-fusion --disable-bias-linear --optimizer adam --dataloader-type single --no-check-for-nan-in-loss-and-grad --manual-gc --manual-gc-interval 50     --attention-dropout 0.0 --hidden-dropout 0.0 --weight-decay 0.1 --clip-grad 1.0 --adam-beta1 0.9 --adam-beta2 0.95     --lr 3e-4 --lr-decay-style constant --lr-warmup-iters 10     --seed 42 --init-method-std 0.02     --bf16     --tensor-model-parallel-size 4 --pipeline-model-parallel-size 1 --sequence-parallel --use-distributed-optimizer --overlap-grad-reduce --overlap-param-gather     --log-throughput --log-progress --tensorboard-dir /iopsstor/scratch/cscs/course_00326/gipfelsturm/gipfelsturm/throughput-32b-mbs2-32b-tp4-1n-tp4-pp1-mbs2/tensorboard --log-timers-to-tensorboard --log-memory-to-tensorboard     --tokenizer-type GPT2BPETokenizer --vocab-file /users/course_00326/scratch/lsaie-ss26-gipfelsturm/data/gpt2-vocab.json --merge-file /users/course_00326/scratch/lsaie-ss26-gipfelsturm/data/gpt2-merges.txt     --data-path /capstor/store/cscs/swissai/infra01/datasets/nvidia/Nemotron-ClimbMix/climbmix_small_megatron/climbmix_small --data-cache-path /iopsstor/scratch/cscs/course_00326/gipfelsturm/cache --split 99,1,0 --num-workers 1              --wandb-save-dir /iopsstor/scratch/cscs/course_00326/gipfelsturm/gipfelsturm/throughput-32b-mbs2-32b-tp4-1n-tp4-pp1-mbs2         --wandb-project gipfelsturm         --wandb-exp-name throughput-32b-mbs2-32b-tp4-1n-tp4-pp1-mbs2-2152494"
logs/gipfel-throughput-32b-mbs3-32b-tp4-60s-1n-tp4-pp1-mbs3-2152495.log,2152495,32b,mbs3-32b-tp4,1,4,1,3,256,4096,,,,failed,60,,,,,,no,,,bf16,,,"torchrun --nproc-per-node 4 --nnodes 1 --rdzv_endpoint nid006097:25678 --rdzv_backend c10d --max_restarts 0 --tee 3 /users/course_00326/scratch/lsaie-ss26-gipfelsturm/Megatron-LM/pretrain_gpt.py     --transformer-impl transformer_engine --use-precision-aware-optimizer --main-grads-dtype bf16     --num-layers 60 --hidden-size 6144 --ffn-hidden-size 24576 --num-attention-heads 48 --group-query-attention --num-query-groups 8 --max-position-embeddings 4096 --position-embedding-type rope --normalization RMSNorm --swiglu --untie-embeddings-and-output-weights --seq-length 4096     --micro-batch-size 3 --global-batch-size 256 --train-iters 60 --log-interval 1 --eval-interval 60 --eval-iters 0 --cross-entropy-loss-fusion --disable-bias-linear --optimizer adam --dataloader-type single --no-check-for-nan-in-loss-and-grad --manual-gc --manual-gc-interval 50     --attention-dropout 0.0 --hidden-dropout 0.0 --weight-decay 0.1 --clip-grad 1.0 --adam-beta1 0.9 --adam-beta2 0.95     --lr 3e-4 --lr-decay-style constant --lr-warmup-iters 10     --seed 42 --init-method-std 0.02     --bf16     --tensor-model-parallel-size 4 --pipeline-model-parallel-size 1 --sequence-parallel --use-distributed-optimizer --overlap-grad-reduce --overlap-param-gather     --log-throughput --log-progress --tensorboard-dir /iopsstor/scratch/cscs/course_00326/gipfelsturm/gipfelsturm/throughput-32b-mbs3-32b-tp4-1n-tp4-pp1-mbs3/tensorboard --log-timers-to-tensorboard --log-memory-to-tensorboard     --tokenizer-type GPT2BPETokenizer --vocab-file /users/course_00326/scratch/lsaie-ss26-gipfelsturm/data/gpt2-vocab.json --merge-file /users/course_00326/scratch/lsaie-ss26-gipfelsturm/data/gpt2-merges.txt     --data-path /capstor/store/cscs/swissai/infra01/datasets/nvidia/Nemotron-ClimbMix/climbmix_small_megatron/climbmix_small --data-cache-path /iopsstor/scratch/cscs/course_00326/gipfelsturm/cache --split 99,1,0 --num-workers 1              --wandb-save-dir /iopsstor/scratch/cscs/course_00326/gipfelsturm/gipfelsturm/throughput-32b-mbs3-32b-tp4-1n-tp4-pp1-mbs3         --wandb-project gipfelsturm         --wandb-exp-name throughput-32b-mbs3-32b-tp4-1n-tp4-pp1-mbs3-2152495"
logs/gipfel-throughput-32b-tier-32b-tp4pp1-60s-1n-tp4-pp1-mbs1-2152497.log,2152497,32b,tier-32b-tp4pp1,1,4,1,1,256,4096,,,,oom,60,,,,,,no,,,bf16,,,"torchrun --nproc-per-node 4 --nnodes 1 --rdzv_endpoint nid007246:25678 --rdzv_backend c10d --max_restarts 0 --tee 3 /users/course_00326/scratch/lsaie-ss26-gipfelsturm/Megatron-LM/pretrain_gpt.py     --transformer-impl transformer_engine --use-precision-aware-optimizer --main-grads-dtype bf16     --num-layers 60 --hidden-size 6144 --ffn-hidden-size 24576 --num-attention-heads 48 --group-query-attention --num-query-groups 8 --max-position-embeddings 4096 --position-embedding-type rope --normalization RMSNorm --swiglu --untie-embeddings-and-output-weights --seq-length 4096     --micro-batch-size 1 --global-batch-size 256 --train-iters 60 --log-interval 1 --eval-interval 60 --eval-iters 0 --cross-entropy-loss-fusion --disable-bias-linear --optimizer adam --dataloader-type single --no-check-for-nan-in-loss-and-grad --manual-gc --manual-gc-interval 50     --attention-dropout 0.0 --hidden-dropout 0.0 --weight-decay 0.1 --clip-grad 1.0 --adam-beta1 0.9 --adam-beta2 0.95     --lr 3e-4 --lr-decay-style constant --lr-warmup-iters 10     --seed 42 --init-method-std 0.02     --bf16     --tensor-model-parallel-size 4 --pipeline-model-parallel-size 1 --sequence-parallel --use-distributed-optimizer --overlap-grad-reduce --overlap-param-gather     --log-throughput --log-progress --tensorboard-dir /iopsstor/scratch/cscs/course_00326/gipfelsturm/gipfelsturm/throughput-32b-tier-32b-tp4pp1-1n-tp4-pp1-mbs1/tensorboard --log-timers-to-tensorboard --log-memory-to-tensorboard     --tokenizer-type GPT2BPETokenizer --vocab-file /users/course_00326/scratch/lsaie-ss26-gipfelsturm/data/gpt2-vocab.json --merge-file /users/course_00326/scratch/lsaie-ss26-gipfelsturm/data/gpt2-merges.txt     --data-path /capstor/store/cscs/swissai/infra01/datasets/nvidia/Nemotron-ClimbMix/climbmix_small_megatron/climbmix_small --data-cache-path /iopsstor/scratch/cscs/course_00326/gipfelsturm/cache --split 99,1,0 --num-workers 1              --wandb-save-dir /iopsstor/scratch/cscs/course_00326/gipfelsturm/gipfelsturm/throughput-32b-tier-32b-tp4pp1-1n-tp4-pp1-mbs1         --wandb-project gipfelsturm         --wandb-exp-name throughput-32b-tier-32b-tp4pp1-1n-tp4-pp1-mbs1-2152497"
logs/gipfel-throughput-350m-cgtest-350m-mbs1-baseline-100s-1n-tp1-pp1-mbs1-2179609.log,2179609,350m,cgtest-350m-mbs1-baseline,1,1,1,1,256,4096,43055,40405,109,finished,100,,,,,,no,,,bf16,,,"torchrun --nproc-per-node 4 --nnodes 1 --rdzv_endpoint nid007404:25678 --rdzv_backend c10d --max_restarts 0 --tee 3 /users/course_00326/scratch/lsaie-ss26-gipfelsturm/Megatron-LM/pretrain_gpt.py     --transformer-impl transformer_engine --use-precision-aware-optimizer --main-grads-dtype bf16     --num-layers 24 --hidden-size 1024 --ffn-hidden-size 2816 --num-attention-heads 16 --group-query-attention --num-query-groups 4 --max-position-embeddings 4096 --position-embedding-type rope --normalization RMSNorm --swiglu --untie-embeddings-and-output-weights --seq-length 4096     --micro-batch-size 1 --global-batch-size 256 --train-iters 100 --log-interval 1 --eval-interval 100 --eval-iters 0 --cross-entropy-loss-fusion --disable-bias-linear --optimizer adam --dataloader-type single --no-check-for-nan-in-loss-and-grad --manual-gc --manual-gc-interval 50     --attention-dropout 0.0 --hidden-dropout 0.0 --weight-decay 0.1 --clip-grad 1.0 --adam-beta1 0.9 --adam-beta2 0.95     --lr 3e-4 --lr-decay-style constant --lr-warmup-iters 10     --seed 42 --init-method-std 0.02     --bf16     --tensor-model-parallel-size 1 --pipeline-model-parallel-size 1 --use-distributed-optimizer --overlap-grad-reduce --overlap-param-gather     --log-throughput --log-progress --tensorboard-dir /iopsstor/scratch/cscs/course_00326/gipfelsturm/gipfelsturm/throughput-350m-cgtest-350m-mbs1-baseline-1n-tp1-pp1-mbs1/tensorboard --log-timers-to-tensorboard --log-memory-to-tensorboard     --tokenizer-type GPT2BPETokenizer --vocab-file /users/course_00326/scratch/lsaie-ss26-gipfelsturm/data/gpt2-vocab.json --merge-file /users/course_00326/scratch/lsaie-ss26-gipfelsturm/data/gpt2-merges.txt     --data-path /capstor/store/cscs/swissai/infra01/datasets/nvidia/Nemotron-ClimbMix/climbmix_small_megatron/climbmix_small --data-cache-path /iopsstor/scratch/cscs/course_00326/gipfelsturm/cache --split 99,1,0 --num-workers 1              --wandb-save-dir /iopsstor/scratch/cscs/course_00326/gipfelsturm/gipfelsturm/throughput-350m-cgtest-350m-mbs1-baseline-1n-tp1-pp1-mbs1         --wandb-project gipfelsturm         --wandb-exp-name throughput-350m-cgtest-350m-mbs1-baseline-1n-tp1-pp1-mbs1-2179609"
logs/gipfel-throughput-350m-cgtest-350m-mbs1-te-attn-100s-1n-tp1-pp1-mbs1-2179611.log,2179611,350m,cgtest-350m-mbs1-te-attn,1,1,1,1,256,4096,46564,40389,118,finished,100,transformer_engine,attn,,,,no,,,bf16,,,"torchrun --nproc-per-node 4 --nnodes 1 --rdzv_endpoint nid006762:25678 --rdzv_backend c10d --max_restarts 0 --tee 3 /users/course_00326/scratch/lsaie-ss26-gipfelsturm/Megatron-LM/pretrain_gpt.py     --transformer-impl transformer_engine --use-precision-aware-optimizer --main-grads-dtype bf16     --num-layers 24 --hidden-size 1024 --ffn-hidden-size 2816 --num-attention-heads 16 --group-query-attention --num-query-groups 4 --max-position-embeddings 4096 --position-embedding-type rope --normalization RMSNorm --swiglu --untie-embeddings-and-output-weights --seq-length 4096     --micro-batch-size 1 --global-batch-size 256 --train-iters 100 --log-interval 1 --eval-interval 100 --eval-iters 0 --cross-entropy-loss-fusion --disable-bias-linear --optimizer adam --dataloader-type single --no-check-for-nan-in-loss-and-grad --manual-gc --manual-gc-interval 50     --attention-dropout 0.0 --hidden-dropout 0.0 --weight-decay 0.1 --clip-grad 1.0 --adam-beta1 0.9 --adam-beta2 0.95     --lr 3e-4 --lr-decay-style constant --lr-warmup-iters 10     --seed 42 --init-method-std 0.02     --bf16     --tensor-model-parallel-size 1 --pipeline-model-parallel-size 1 --use-distributed-optimizer --overlap-grad-reduce --overlap-param-gather     --log-throughput --log-progress --tensorboard-dir /iopsstor/scratch/cscs/course_00326/gipfelsturm/gipfelsturm/throughput-350m-cgtest-350m-mbs1-te-attn-1n-tp1-pp1-mbs1/tensorboard --log-timers-to-tensorboard --log-memory-to-tensorboard     --tokenizer-type GPT2BPETokenizer --vocab-file /users/course_00326/scratch/lsaie-ss26-gipfelsturm/data/gpt2-vocab.json --merge-file /users/course_00326/scratch/lsaie-ss26-gipfelsturm/data/gpt2-merges.txt     --data-path /capstor/store/cscs/swissai/infra01/datasets/nvidia/Nemotron-ClimbMix/climbmix_small_megatron/climbmix_small --data-cache-path /iopsstor/scratch/cscs/course_00326/gipfelsturm/cache --split 99,1,0 --num-workers 1     --cuda-graph-impl transformer_engine --cuda-graph-scope attn         --wandb-save-dir /iopsstor/scratch/cscs/course_00326/gipfelsturm/gipfelsturm/throughput-350m-cgtest-350m-mbs1-te-attn-1n-tp1-pp1-mbs1         --wandb-project gipfelsturm         --wandb-exp-name throughput-350m-cgtest-350m-mbs1-te-attn-1n-tp1-pp1-mbs1-2179611"
logs/gipfel-throughput-350m-cgtest-350m-mbs1-te-full-layer-100s-1n-tp1-pp1-mbs1-2179610.log,2179610,350m,cgtest-350m-mbs1-te-full-layer,1,1,1,1,256,4096,46488,41270,118,finished,100,transformer_engine,,,,,no,,,bf16,,,"torchrun --nproc-per-node 4 --nnodes 1 --rdzv_endpoint nid007406:25678 --rdzv_backend c10d --max_restarts 0 --tee 3 /users/course_00326/scratch/lsaie-ss26-gipfelsturm/Megatron-LM/pretrain_gpt.py     --transformer-impl transformer_engine --use-precision-aware-optimizer --main-grads-dtype bf16     --num-layers 24 --hidden-size 1024 --ffn-hidden-size 2816 --num-attention-heads 16 --group-query-attention --num-query-groups 4 --max-position-embeddings 4096 --position-embedding-type rope --normalization RMSNorm --swiglu --untie-embeddings-and-output-weights --seq-length 4096     --micro-batch-size 1 --global-batch-size 256 --train-iters 100 --log-interval 1 --eval-interval 100 --eval-iters 0 --cross-entropy-loss-fusion --disable-bias-linear --optimizer adam --dataloader-type single --no-check-for-nan-in-loss-and-grad --manual-gc --manual-gc-interval 50     --attention-dropout 0.0 --hidden-dropout 0.0 --weight-decay 0.1 --clip-grad 1.0 --adam-beta1 0.9 --adam-beta2 0.95     --lr 3e-4 --lr-decay-style constant --lr-warmup-iters 10     --seed 42 --init-method-std 0.02     --bf16     --tensor-model-parallel-size 1 --pipeline-model-parallel-size 1 --use-distributed-optimizer --overlap-grad-reduce --overlap-param-gather     --log-throughput --log-progress --tensorboard-dir /iopsstor/scratch/cscs/course_00326/gipfelsturm/gipfelsturm/throughput-350m-cgtest-350m-mbs1-te-full-layer-1n-tp1-pp1-mbs1/tensorboard --log-timers-to-tensorboard --log-memory-to-tensorboard     --tokenizer-type GPT2BPETokenizer --vocab-file /users/course_00326/scratch/lsaie-ss26-gipfelsturm/data/gpt2-vocab.json --merge-file /users/course_00326/scratch/lsaie-ss26-gipfelsturm/data/gpt2-merges.txt     --data-path /capstor/store/cscs/swissai/infra01/datasets/nvidia/Nemotron-ClimbMix/climbmix_small_megatron/climbmix_small --data-cache-path /iopsstor/scratch/cscs/course_00326/gipfelsturm/cache --split 99,1,0 --num-workers 1     --cuda-graph-impl transformer_engine         --wandb-save-dir /iopsstor/scratch/cscs/course_00326/gipfelsturm/gipfelsturm/throughput-350m-cgtest-350m-mbs1-te-full-layer-1n-tp1-pp1-mbs1         --wandb-project gipfelsturm         --wandb-exp-name throughput-350m-cgtest-350m-mbs1-te-full-layer-1n-tp1-pp1-mbs1-2179610"
logs/gipfel-throughput-350m-cgtest-350m-mbs1-te-mlp-100s-1n-tp1-pp1-mbs1-2179612.log,2179612,350m,cgtest-350m-mbs1-te-mlp,1,1,1,1,256,4096,47860,42565,121,finished,100,transformer_engine,mlp,,,,no,,,bf16,,,"torchrun --nproc-per-node 4 --nnodes 1 --rdzv_endpoint nid006776:25678 --rdzv_backend c10d --max_restarts 0 --tee 3 /users/course_00326/scratch/lsaie-ss26-gipfelsturm/Megatron-LM/pretrain_gpt.py     --transformer-impl transformer_engine --use-precision-aware-optimizer --main-grads-dtype bf16     --num-layers 24 --hidden-size 1024 --ffn-hidden-size 2816 --num-attention-heads 16 --group-query-attention --num-query-groups 4 --max-position-embeddings 4096 --position-embedding-type rope --normalization RMSNorm --swiglu --untie-embeddings-and-output-weights --seq-length 4096     --micro-batch-size 1 --global-batch-size 256 --train-iters 100 --log-interval 1 --eval-interval 100 --eval-iters 0 --cross-entropy-loss-fusion --disable-bias-linear --optimizer adam --dataloader-type single --no-check-for-nan-in-loss-and-grad --manual-gc --manual-gc-interval 50     --attention-dropout 0.0 --hidden-dropout 0.0 --weight-decay 0.1 --clip-grad 1.0 --adam-beta1 0.9 --adam-beta2 0.95     --lr 3e-4 --lr-decay-style constant --lr-warmup-iters 10     --seed 42 --init-method-std 0.02     --bf16     --tensor-model-parallel-size 1 --pipeline-model-parallel-size 1 --use-distributed-optimizer --overlap-grad-reduce --overlap-param-gather     --log-throughput --log-progress --tensorboard-dir /iopsstor/scratch/cscs/course_00326/gipfelsturm/gipfelsturm/throughput-350m-cgtest-350m-mbs1-te-mlp-1n-tp1-pp1-mbs1/tensorboard --log-timers-to-tensorboard --log-memory-to-tensorboard     --tokenizer-type GPT2BPETokenizer --vocab-file /users/course_00326/scratch/lsaie-ss26-gipfelsturm/data/gpt2-vocab.json --merge-file /users/course_00326/scratch/lsaie-ss26-gipfelsturm/data/gpt2-merges.txt     --data-path /capstor/store/cscs/swissai/infra01/datasets/nvidia/Nemotron-ClimbMix/climbmix_small_megatron/climbmix_small --data-cache-path /iopsstor/scratch/cscs/course_00326/gipfelsturm/cache --split 99,1,0 --num-workers 1     --cuda-graph-impl transformer_engine --cuda-graph-scope mlp         --wandb-save-dir /iopsstor/scratch/cscs/course_00326/gipfelsturm/gipfelsturm/throughput-350m-cgtest-350m-mbs1-te-mlp-1n-tp1-pp1-mbs1         --wandb-project gipfelsturm         --wandb-exp-name throughput-350m-cgtest-350m-mbs1-te-mlp-1n-tp1-pp1-mbs1-2179612"
logs/gipfel-throughput-760m-cgtest-760m-mbs1-baseline-100s-1n-tp1-pp1-mbs1-2179613.log,2179613,760m,cgtest-760m-mbs1-baseline,1,1,1,1,256,4096,43555,41750,215,finished,100,,,,,,no,,,bf16,,,"torchrun --nproc-per-node 4 --nnodes 1 --rdzv_endpoint nid006791:25678 --rdzv_backend c10d --max_restarts 0 --tee 3 /users/course_00326/scratch/lsaie-ss26-gipfelsturm/Megatron-LM/pretrain_gpt.py     --transformer-impl transformer_engine --use-precision-aware-optimizer --main-grads-dtype bf16     --num-layers 24 --hidden-size 1536 --ffn-hidden-size 4096 --num-attention-heads 16 --group-query-attention --num-query-groups 4 --max-position-embeddings 4096 --position-embedding-type rope --normalization RMSNorm --swiglu --untie-embeddings-and-output-weights --seq-length 4096     --micro-batch-size 1 --global-batch-size 256 --train-iters 100 --log-interval 1 --eval-interval 100 --eval-iters 0 --cross-entropy-loss-fusion --disable-bias-linear --optimizer adam --dataloader-type single --no-check-for-nan-in-loss-and-grad --manual-gc --manual-gc-interval 50     --attention-dropout 0.0 --hidden-dropout 0.0 --weight-decay 0.1 --clip-grad 1.0 --adam-beta1 0.9 --adam-beta2 0.95     --lr 3e-4 --lr-decay-style constant --lr-warmup-iters 10     --seed 42 --init-method-std 0.02     --bf16     --tensor-model-parallel-size 1 --pipeline-model-parallel-size 1 --use-distributed-optimizer --overlap-grad-reduce --overlap-param-gather     --log-throughput --log-progress --tensorboard-dir /iopsstor/scratch/cscs/course_00326/gipfelsturm/gipfelsturm/throughput-760m-cgtest-760m-mbs1-baseline-1n-tp1-pp1-mbs1/tensorboard --log-timers-to-tensorboard --log-memory-to-tensorboard     --tokenizer-type GPT2BPETokenizer --vocab-file /users/course_00326/scratch/lsaie-ss26-gipfelsturm/data/gpt2-vocab.json --merge-file /users/course_00326/scratch/lsaie-ss26-gipfelsturm/data/gpt2-merges.txt     --data-path /capstor/store/cscs/swissai/infra01/datasets/nvidia/Nemotron-ClimbMix/climbmix_small_megatron/climbmix_small --data-cache-path /iopsstor/scratch/cscs/course_00326/gipfelsturm/cache --split 99,1,0 --num-workers 1              --wandb-save-dir /iopsstor/scratch/cscs/course_00326/gipfelsturm/gipfelsturm/throughput-760m-cgtest-760m-mbs1-baseline-1n-tp1-pp1-mbs1         --wandb-project gipfelsturm         --wandb-exp-name throughput-760m-cgtest-760m-mbs1-baseline-1n-tp1-pp1-mbs1-2179613"
logs/gipfel-throughput-760m-cgtest-760m-mbs1-te-attn-100s-1n-tp1-pp1-mbs1-2179615.log,2179615,760m,cgtest-760m-mbs1-te-attn,1,1,1,1,256,4096,47527,42595,235,finished,100,transformer_engine,attn,,,,no,,,bf16,,,"torchrun --nproc-per-node 4 --nnodes 1 --rdzv_endpoint nid006136:25678 --rdzv_backend c10d --max_restarts 0 --tee 3 /users/course_00326/scratch/lsaie-ss26-gipfelsturm/Megatron-LM/pretrain_gpt.py     --transformer-impl transformer_engine --use-precision-aware-optimizer --main-grads-dtype bf16     --num-layers 24 --hidden-size 1536 --ffn-hidden-size 4096 --num-attention-heads 16 --group-query-attention --num-query-groups 4 --max-position-embeddings 4096 --position-embedding-type rope --normalization RMSNorm --swiglu --untie-embeddings-and-output-weights --seq-length 4096     --micro-batch-size 1 --global-batch-size 256 --train-iters 100 --log-interval 1 --eval-interval 100 --eval-iters 0 --cross-entropy-loss-fusion --disable-bias-linear --optimizer adam --dataloader-type single --no-check-for-nan-in-loss-and-grad --manual-gc --manual-gc-interval 50     --attention-dropout 0.0 --hidden-dropout 0.0 --weight-decay 0.1 --clip-grad 1.0 --adam-beta1 0.9 --adam-beta2 0.95     --lr 3e-4 --lr-decay-style constant --lr-warmup-iters 10     --seed 42 --init-method-std 0.02     --bf16     --tensor-model-parallel-size 1 --pipeline-model-parallel-size 1 --use-distributed-optimizer --overlap-grad-reduce --overlap-param-gather     --log-throughput --log-progress --tensorboard-dir /iopsstor/scratch/cscs/course_00326/gipfelsturm/gipfelsturm/throughput-760m-cgtest-760m-mbs1-te-attn-1n-tp1-pp1-mbs1/tensorboard --log-timers-to-tensorboard --log-memory-to-tensorboard     --tokenizer-type GPT2BPETokenizer --vocab-file /users/course_00326/scratch/lsaie-ss26-gipfelsturm/data/gpt2-vocab.json --merge-file /users/course_00326/scratch/lsaie-ss26-gipfelsturm/data/gpt2-merges.txt     --data-path /capstor/store/cscs/swissai/infra01/datasets/nvidia/Nemotron-ClimbMix/climbmix_small_megatron/climbmix_small --data-cache-path /iopsstor/scratch/cscs/course_00326/gipfelsturm/cache --split 99,1,0 --num-workers 1     --cuda-graph-impl transformer_engine --cuda-graph-scope attn         --wandb-save-dir /iopsstor/scratch/cscs/course_00326/gipfelsturm/gipfelsturm/throughput-760m-cgtest-760m-mbs1-te-attn-1n-tp1-pp1-mbs1         --wandb-project gipfelsturm         --wandb-exp-name throughput-760m-cgtest-760m-mbs1-te-attn-1n-tp1-pp1-mbs1-2179615"
logs/gipfel-throughput-760m-cgtest-760m-mbs1-te-full-layer-100s-1n-tp1-pp1-mbs1-2179614.log,2179614,760m,cgtest-760m-mbs1-te-full-layer,1,1,1,1,256,4096,47883,42591,236,finished,100,transformer_engine,,,,,no,,,bf16,,,"torchrun --nproc-per-node 4 --nnodes 1 --rdzv_endpoint nid006135:25678 --rdzv_backend c10d --max_restarts 0 --tee 3 /users/course_00326/scratch/lsaie-ss26-gipfelsturm/Megatron-LM/pretrain_gpt.py     --transformer-impl transformer_engine --use-precision-aware-optimizer --main-grads-dtype bf16     --num-layers 24 --hidden-size 1536 --ffn-hidden-size 4096 --num-attention-heads 16 --group-query-attention --num-query-groups 4 --max-position-embeddings 4096 --position-embedding-type rope --normalization RMSNorm --swiglu --untie-embeddings-and-output-weights --seq-length 4096     --micro-batch-size 1 --global-batch-size 256 --train-iters 100 --log-interval 1 --eval-interval 100 --eval-iters 0 --cross-entropy-loss-fusion --disable-bias-linear --optimizer adam --dataloader-type single --no-check-for-nan-in-loss-and-grad --manual-gc --manual-gc-interval 50     --attention-dropout 0.0 --hidden-dropout 0.0 --weight-decay 0.1 --clip-grad 1.0 --adam-beta1 0.9 --adam-beta2 0.95     --lr 3e-4 --lr-decay-style constant --lr-warmup-iters 10     --seed 42 --init-method-std 0.02     --bf16     --tensor-model-parallel-size 1 --pipeline-model-parallel-size 1 --use-distributed-optimizer --overlap-grad-reduce --overlap-param-gather     --log-throughput --log-progress --tensorboard-dir /iopsstor/scratch/cscs/course_00326/gipfelsturm/gipfelsturm/throughput-760m-cgtest-760m-mbs1-te-full-layer-1n-tp1-pp1-mbs1/tensorboard --log-timers-to-tensorboard --log-memory-to-tensorboard     --tokenizer-type GPT2BPETokenizer --vocab-file /users/course_00326/scratch/lsaie-ss26-gipfelsturm/data/gpt2-vocab.json --merge-file /users/course_00326/scratch/lsaie-ss26-gipfelsturm/data/gpt2-merges.txt     --data-path /capstor/store/cscs/swissai/infra01/datasets/nvidia/Nemotron-ClimbMix/climbmix_small_megatron/climbmix_small --data-cache-path /iopsstor/scratch/cscs/course_00326/gipfelsturm/cache --split 99,1,0 --num-workers 1     --cuda-graph-impl transformer_engine         --wandb-save-dir /iopsstor/scratch/cscs/course_00326/gipfelsturm/gipfelsturm/throughput-760m-cgtest-760m-mbs1-te-full-layer-1n-tp1-pp1-mbs1         --wandb-project gipfelsturm         --wandb-exp-name throughput-760m-cgtest-760m-mbs1-te-full-layer-1n-tp1-pp1-mbs1-2179614"
logs/gipfel-throughput-760m-cgtest-760m-mbs1-te-mlp-100s-1n-tp1-pp1-mbs1-2179617.log,2179617,760m,cgtest-760m-mbs1-te-mlp,1,1,1,1,256,4096,46208,42528,228,finished,100,transformer_engine,mlp,,,,no,,,bf16,,,"torchrun --nproc-per-node 4 --nnodes 1 --rdzv_endpoint nid006142:25678 --rdzv_backend c10d --max_restarts 0 --tee 3 /users/course_00326/scratch/lsaie-ss26-gipfelsturm/Megatron-LM/pretrain_gpt.py     --transformer-impl transformer_engine --use-precision-aware-optimizer --main-grads-dtype bf16     --num-layers 24 --hidden-size 1536 --ffn-hidden-size 4096 --num-attention-heads 16 --group-query-attention --num-query-groups 4 --max-position-embeddings 4096 --position-embedding-type rope --normalization RMSNorm --swiglu --untie-embeddings-and-output-weights --seq-length 4096     --micro-batch-size 1 --global-batch-size 256 --train-iters 100 --log-interval 1 --eval-interval 100 --eval-iters 0 --cross-entropy-loss-fusion --disable-bias-linear --optimizer adam --dataloader-type single --no-check-for-nan-in-loss-and-grad --manual-gc --manual-gc-interval 50     --attention-dropout 0.0 --hidden-dropout 0.0 --weight-decay 0.1 --clip-grad 1.0 --adam-beta1 0.9 --adam-beta2 0.95     --lr 3e-4 --lr-decay-style constant --lr-warmup-iters 10     --seed 42 --init-method-std 0.02     --bf16     --tensor-model-parallel-size 1 --pipeline-model-parallel-size 1 --use-distributed-optimizer --overlap-grad-reduce --overlap-param-gather     --log-throughput --log-progress --tensorboard-dir /iopsstor/scratch/cscs/course_00326/gipfelsturm/gipfelsturm/throughput-760m-cgtest-760m-mbs1-te-mlp-1n-tp1-pp1-mbs1/tensorboard --log-timers-to-tensorboard --log-memory-to-tensorboard     --tokenizer-type GPT2BPETokenizer --vocab-file /users/course_00326/scratch/lsaie-ss26-gipfelsturm/data/gpt2-vocab.json --merge-file /users/course_00326/scratch/lsaie-ss26-gipfelsturm/data/gpt2-merges.txt     --data-path /capstor/store/cscs/swissai/infra01/datasets/nvidia/Nemotron-ClimbMix/climbmix_small_megatron/climbmix_small --data-cache-path /iopsstor/scratch/cscs/course_00326/gipfelsturm/cache --split 99,1,0 --num-workers 1     --cuda-graph-impl transformer_engine --cuda-graph-scope mlp         --wandb-save-dir /iopsstor/scratch/cscs/course_00326/gipfelsturm/gipfelsturm/throughput-760m-cgtest-760m-mbs1-te-mlp-1n-tp1-pp1-mbs1         --wandb-project gipfelsturm         --wandb-exp-name throughput-760m-cgtest-760m-mbs1-te-mlp-1n-tp1-pp1-mbs1-2179617"
logs/gipfel-throughput-8b-baseline-8b-100-100s-1n-tp1-pp1-mbs2-2178385.log,2178385,8b,baseline-8b-100,1,1,1,2,256,4096,10931,10734,506,has_metrics,100,,,,,,no,,,bf16,,,"torchrun --nproc-per-node 4 --nnodes 1 --rdzv_endpoint nid007635:25678 --rdzv_backend c10d --max_restarts 0 --tee 3 /users/course_00326/scratch/lsaie-ss26-gipfelsturm/Megatron-LM/pretrain_gpt.py     --transformer-impl transformer_engine --use-precision-aware-optimizer --main-grads-dtype bf16     --num-layers 32 --hidden-size 4096 --ffn-hidden-size 14336 --num-attention-heads 32 --group-query-attention --num-query-groups 8 --max-position-embeddings 4096 --position-embedding-type rope --normalization RMSNorm --swiglu --untie-embeddings-and-output-weights --seq-length 4096     --micro-batch-size 2 --global-batch-size 256 --train-iters 100 --log-interval 1 --eval-interval 100 --eval-iters 0 --cross-entropy-loss-fusion --disable-bias-linear --optimizer adam --dataloader-type single --no-check-for-nan-in-loss-and-grad --manual-gc --manual-gc-interval 50     --attention-dropout 0.0 --hidden-dropout 0.0 --weight-decay 0.1 --clip-grad 1.0 --adam-beta1 0.9 --adam-beta2 0.95     --lr 3e-4 --lr-decay-style constant --lr-warmup-iters 10     --seed 42 --init-method-std 0.02     --bf16     --tensor-model-parallel-size 1 --pipeline-model-parallel-size 1 --use-distributed-optimizer --overlap-grad-reduce --overlap-param-gather     --log-throughput --log-progress --tensorboard-dir /iopsstor/scratch/cscs/course_00326/gipfelsturm/gipfelsturm/throughput-8b-baseline-8b-100-1n-tp1-pp1-mbs2/tensorboard --log-timers-to-tensorboard --log-memory-to-tensorboard     --tokenizer-type GPT2BPETokenizer --vocab-file /users/course_00326/scratch/lsaie-ss26-gipfelsturm/data/gpt2-vocab.json --merge-file /users/course_00326/scratch/lsaie-ss26-gipfelsturm/data/gpt2-merges.txt     --data-path /capstor/store/cscs/swissai/infra01/datasets/nvidia/Nemotron-ClimbMix/climbmix_small_megatron/climbmix_small --data-cache-path /iopsstor/scratch/cscs/course_00326/gipfelsturm/cache --split 99,1,0 --num-workers 1              --wandb-save-dir /iopsstor/scratch/cscs/course_00326/gipfelsturm/gipfelsturm/throughput-8b-baseline-8b-100-1n-tp1-pp1-mbs2         --wandb-project gipfelsturm         --wandb-exp-name throughput-8b-baseline-8b-100-1n-tp1-pp1-mbs2-2178385"
logs/gipfel-throughput-8b-baseline-8b-50s-1n-tp1-pp1-mbs2-2127789.log,2127789,8b,baseline-8b,1,1,1,2,256,4096,10963,10839,508,finished,50,,,,,,no,,,bf16,,,"torchrun --nproc-per-node 4 --nnodes 1 --rdzv_endpoint nid006892:25678 --rdzv_backend c10d --max_restarts 0 --tee 3 /users/course_00326/scratch/lsaie-ss26-gipfelsturm/Megatron-LM/pretrain_gpt.py     --transformer-impl transformer_engine --use-precision-aware-optimizer --main-grads-dtype bf16     --num-layers 32 --hidden-size 4096 --ffn-hidden-size 14336 --num-attention-heads 32 --group-query-attention --num-query-groups 8 --max-position-embeddings 4096 --position-embedding-type rope --normalization RMSNorm --swiglu --untie-embeddings-and-output-weights --seq-length 4096     --micro-batch-size 2 --global-batch-size 256 --train-iters 50 --log-interval 1 --eval-interval 50 --eval-iters 0 --cross-entropy-loss-fusion --disable-bias-linear --optimizer adam --dataloader-type single --no-check-for-nan-in-loss-and-grad --manual-gc --manual-gc-interval 50     --attention-dropout 0.0 --hidden-dropout 0.0 --weight-decay 0.1 --clip-grad 1.0 --adam-beta1 0.9 --adam-beta2 0.95     --lr 3e-4 --lr-decay-style constant --lr-warmup-iters 10     --seed 42 --init-method-std 0.02     --bf16     --tensor-model-parallel-size 1 --pipeline-model-parallel-size 1 --use-distributed-optimizer --overlap-grad-reduce --overlap-param-gather     --log-throughput --log-progress     --tokenizer-type GPT2BPETokenizer --vocab-file /users/course_00326/scratch/lsaie-ss26-gipfelsturm/data/gpt2-vocab.json --merge-file /users/course_00326/scratch/lsaie-ss26-gipfelsturm/data/gpt2-merges.txt     --data-path /capstor/store/cscs/swissai/infra01/datasets/nvidia/Nemotron-ClimbMix/climbmix_small_megatron/climbmix_small --data-cache-path /iopsstor/scratch/cscs/course_00326/gipfelsturm/cache --split 99,1,0 --num-workers 1              --wandb-save-dir /iopsstor/scratch/cscs/course_00326/gipfelsturm/gipfelsturm/throughput-8b-baseline-8b-1n-tp1-pp1-mbs2         --wandb-project gipfelsturm         --wandb-exp-name throughput-8b-baseline-8b-1n-tp1-pp1-mbs2-2127789"
logs/gipfel-throughput-8b-baseline-8b-60s-1n-tp1-pp1-mbs2-2128164.log,2128164,8b,baseline-8b,1,1,1,2,256,4096,11020,10810,511,finished,60,,,,,,no,,,bf16,,,"torchrun --nproc-per-node 4 --nnodes 1 --rdzv_endpoint nid006910:25678 --rdzv_backend c10d --max_restarts 0 --tee 3 /users/course_00326/scratch/lsaie-ss26-gipfelsturm/Megatron-LM/pretrain_gpt.py     --transformer-impl transformer_engine --use-precision-aware-optimizer --main-grads-dtype bf16     --num-layers 32 --hidden-size 4096 --ffn-hidden-size 14336 --num-attention-heads 32 --group-query-attention --num-query-groups 8 --max-position-embeddings 4096 --position-embedding-type rope --normalization RMSNorm --swiglu --untie-embeddings-and-output-weights --seq-length 4096     --micro-batch-size 2 --global-batch-size 256 --train-iters 60 --log-interval 1 --eval-interval 60 --eval-iters 0 --cross-entropy-loss-fusion --disable-bias-linear --optimizer adam --dataloader-type single --no-check-for-nan-in-loss-and-grad --manual-gc --manual-gc-interval 50     --attention-dropout 0.0 --hidden-dropout 0.0 --weight-decay 0.1 --clip-grad 1.0 --adam-beta1 0.9 --adam-beta2 0.95     --lr 3e-4 --lr-decay-style constant --lr-warmup-iters 10     --seed 42 --init-method-std 0.02     --bf16     --tensor-model-parallel-size 1 --pipeline-model-parallel-size 1 --use-distributed-optimizer --overlap-grad-reduce --overlap-param-gather     --log-throughput --log-progress     --tokenizer-type GPT2BPETokenizer --vocab-file /users/course_00326/scratch/lsaie-ss26-gipfelsturm/data/gpt2-vocab.json --merge-file /users/course_00326/scratch/lsaie-ss26-gipfelsturm/data/gpt2-merges.txt     --data-path /capstor/store/cscs/swissai/infra01/datasets/nvidia/Nemotron-ClimbMix/climbmix_small_megatron/climbmix_small --data-cache-path /iopsstor/scratch/cscs/course_00326/gipfelsturm/cache --split 99,1,0 --num-workers 1              --wandb-save-dir /iopsstor/scratch/cscs/course_00326/gipfelsturm/gipfelsturm/throughput-8b-baseline-8b-1n-tp1-pp1-mbs2         --wandb-project gipfelsturm         --wandb-exp-name throughput-8b-baseline-8b-1n-tp1-pp1-mbs2-2128164"
logs/gipfel-throughput-8b-baseline-8b-60s-1n-tp1-pp1-mbs2-2152474.log,2152474,8b,baseline-8b,1,1,1,2,256,4096,10764,10588,499,finished,60,,,,,,no,,,bf16,,,"torchrun --nproc-per-node 4 --nnodes 1 --rdzv_endpoint nid006164:25678 --rdzv_backend c10d --max_restarts 0 --tee 3 /users/course_00326/scratch/lsaie-ss26-gipfelsturm/Megatron-LM/pretrain_gpt.py     --transformer-impl transformer_engine --use-precision-aware-optimizer --main-grads-dtype bf16     --num-layers 32 --hidden-size 4096 --ffn-hidden-size 14336 --num-attention-heads 32 --group-query-attention --num-query-groups 8 --max-position-embeddings 4096 --position-embedding-type rope --normalization RMSNorm --swiglu --untie-embeddings-and-output-weights --seq-length 4096     --micro-batch-size 2 --global-batch-size 256 --train-iters 60 --log-interval 1 --eval-interval 60 --eval-iters 0 --cross-entropy-loss-fusion --disable-bias-linear --optimizer adam --dataloader-type single --no-check-for-nan-in-loss-and-grad --manual-gc --manual-gc-interval 50     --attention-dropout 0.0 --hidden-dropout 0.0 --weight-decay 0.1 --clip-grad 1.0 --adam-beta1 0.9 --adam-beta2 0.95     --lr 3e-4 --lr-decay-style constant --lr-warmup-iters 10     --seed 42 --init-method-std 0.02     --bf16     --tensor-model-parallel-size 1 --pipeline-model-parallel-size 1 --use-distributed-optimizer --overlap-grad-reduce --overlap-param-gather     --log-throughput --log-progress --tensorboard-dir /iopsstor/scratch/cscs/course_00326/gipfelsturm/gipfelsturm/throughput-8b-baseline-8b-1n-tp1-pp1-mbs2/tensorboard --log-timers-to-tensorboard --log-memory-to-tensorboard     --tokenizer-type GPT2BPETokenizer --vocab-file /users/course_00326/scratch/lsaie-ss26-gipfelsturm/data/gpt2-vocab.json --merge-file /users/course_00326/scratch/lsaie-ss26-gipfelsturm/data/gpt2-merges.txt     --data-path /capstor/store/cscs/swissai/infra01/datasets/nvidia/Nemotron-ClimbMix/climbmix_small_megatron/climbmix_small --data-cache-path /iopsstor/scratch/cscs/course_00326/gipfelsturm/cache --split 99,1,0 --num-workers 1              --wandb-save-dir /iopsstor/scratch/cscs/course_00326/gipfelsturm/gipfelsturm/throughput-8b-baseline-8b-1n-tp1-pp1-mbs2         --wandb-project gipfelsturm         --wandb-exp-name throughput-8b-baseline-8b-1n-tp1-pp1-mbs2-2152474"
logs/gipfel-throughput-8b-cg-attn-8b-60s-1n-tp1-pp1-mbs2-2128165.log,2128165,8b,cg-attn-8b,1,1,1,2,256,4096,11008,10873,510,finished,60,transformer_engine,attn,,,,no,,,bf16,,,"torchrun --nproc-per-node 4 --nnodes 1 --rdzv_endpoint nid007285:25678 --rdzv_backend c10d --max_restarts 0 --tee 3 /users/course_00326/scratch/lsaie-ss26-gipfelsturm/Megatron-LM/pretrain_gpt.py     --transformer-impl transformer_engine --use-precision-aware-optimizer --main-grads-dtype bf16     --num-layers 32 --hidden-size 4096 --ffn-hidden-size 14336 --num-attention-heads 32 --group-query-attention --num-query-groups 8 --max-position-embeddings 4096 --position-embedding-type rope --normalization RMSNorm --swiglu --untie-embeddings-and-output-weights --seq-length 4096     --micro-batch-size 2 --global-batch-size 256 --train-iters 60 --log-interval 1 --eval-interval 60 --eval-iters 0 --cross-entropy-loss-fusion --disable-bias-linear --optimizer adam --dataloader-type single --no-check-for-nan-in-loss-and-grad --manual-gc --manual-gc-interval 50     --attention-dropout 0.0 --hidden-dropout 0.0 --weight-decay 0.1 --clip-grad 1.0 --adam-beta1 0.9 --adam-beta2 0.95     --lr 3e-4 --lr-decay-style constant --lr-warmup-iters 10     --seed 42 --init-method-std 0.02     --bf16     --tensor-model-parallel-size 1 --pipeline-model-parallel-size 1 --use-distributed-optimizer --overlap-grad-reduce --overlap-param-gather     --log-throughput --log-progress     --tokenizer-type GPT2BPETokenizer --vocab-file /users/course_00326/scratch/lsaie-ss26-gipfelsturm/data/gpt2-vocab.json --merge-file /users/course_00326/scratch/lsaie-ss26-gipfelsturm/data/gpt2-merges.txt     --data-path /capstor/store/cscs/swissai/infra01/datasets/nvidia/Nemotron-ClimbMix/climbmix_small_megatron/climbmix_small --data-cache-path /iopsstor/scratch/cscs/course_00326/gipfelsturm/cache --split 99,1,0 --num-workers 1     --cuda-graph-impl transformer_engine --cuda-graph-scope attn         --wandb-save-dir /iopsstor/scratch/cscs/course_00326/gipfelsturm/gipfelsturm/throughput-8b-cg-attn-8b-1n-tp1-pp1-mbs2         --wandb-project gipfelsturm         --wandb-exp-name throughput-8b-cg-attn-8b-1n-tp1-pp1-mbs2-2128165"
logs/gipfel-throughput-8b-cg-attn-8b-60s-1n-tp1-pp1-mbs2-2152475.log,2152475,8b,cg-attn-8b,1,1,1,2,256,4096,10799,10632,500,finished,60,transformer_engine,attn,,,,no,,,bf16,,,"torchrun --nproc-per-node 4 --nnodes 1 --rdzv_endpoint nid006165:25678 --rdzv_backend c10d --max_restarts 0 --tee 3 /users/course_00326/scratch/lsaie-ss26-gipfelsturm/Megatron-LM/pretrain_gpt.py     --transformer-impl transformer_engine --use-precision-aware-optimizer --main-grads-dtype bf16     --num-layers 32 --hidden-size 4096 --ffn-hidden-size 14336 --num-attention-heads 32 --group-query-attention --num-query-groups 8 --max-position-embeddings 4096 --position-embedding-type rope --normalization RMSNorm --swiglu --untie-embeddings-and-output-weights --seq-length 4096     --micro-batch-size 2 --global-batch-size 256 --train-iters 60 --log-interval 1 --eval-interval 60 --eval-iters 0 --cross-entropy-loss-fusion --disable-bias-linear --optimizer adam --dataloader-type single --no-check-for-nan-in-loss-and-grad --manual-gc --manual-gc-interval 50     --attention-dropout 0.0 --hidden-dropout 0.0 --weight-decay 0.1 --clip-grad 1.0 --adam-beta1 0.9 --adam-beta2 0.95     --lr 3e-4 --lr-decay-style constant --lr-warmup-iters 10     --seed 42 --init-method-std 0.02     --bf16     --tensor-model-parallel-size 1 --pipeline-model-parallel-size 1 --use-distributed-optimizer --overlap-grad-reduce --overlap-param-gather     --log-throughput --log-progress --tensorboard-dir /iopsstor/scratch/cscs/course_00326/gipfelsturm/gipfelsturm/throughput-8b-cg-attn-8b-1n-tp1-pp1-mbs2/tensorboard --log-timers-to-tensorboard --log-memory-to-tensorboard     --tokenizer-type GPT2BPETokenizer --vocab-file /users/course_00326/scratch/lsaie-ss26-gipfelsturm/data/gpt2-vocab.json --merge-file /users/course_00326/scratch/lsaie-ss26-gipfelsturm/data/gpt2-merges.txt     --data-path /capstor/store/cscs/swissai/infra01/datasets/nvidia/Nemotron-ClimbMix/climbmix_small_megatron/climbmix_small --data-cache-path /iopsstor/scratch/cscs/course_00326/gipfelsturm/cache --split 99,1,0 --num-workers 1     --cuda-graph-impl transformer_engine --cuda-graph-scope attn         --wandb-save-dir /iopsstor/scratch/cscs/course_00326/gipfelsturm/gipfelsturm/throughput-8b-cg-attn-8b-1n-tp1-pp1-mbs2         --wandb-project gipfelsturm         --wandb-exp-name throughput-8b-cg-attn-8b-1n-tp1-pp1-mbs2-2152475"
logs/gipfel-throughput-8b-cg-attn-mlp-8b-60s-1n-tp1-pp1-mbs2-2128167.log,2128167,8b,cg-attn-mlp-8b,1,1,1,2,256,4096,10726,10670,497,finished,60,transformer_engine,attn mlp,,,,no,,,bf16,,,"torchrun --nproc-per-node 4 --nnodes 1 --rdzv_endpoint nid007422:25678 --rdzv_backend c10d --max_restarts 0 --tee 3 /users/course_00326/scratch/lsaie-ss26-gipfelsturm/Megatron-LM/pretrain_gpt.py     --transformer-impl transformer_engine --use-precision-aware-optimizer --main-grads-dtype bf16     --num-layers 32 --hidden-size 4096 --ffn-hidden-size 14336 --num-attention-heads 32 --group-query-attention --num-query-groups 8 --max-position-embeddings 4096 --position-embedding-type rope --normalization RMSNorm --swiglu --untie-embeddings-and-output-weights --seq-length 4096     --micro-batch-size 2 --global-batch-size 256 --train-iters 60 --log-interval 1 --eval-interval 60 --eval-iters 0 --cross-entropy-loss-fusion --disable-bias-linear --optimizer adam --dataloader-type single --no-check-for-nan-in-loss-and-grad --manual-gc --manual-gc-interval 50     --attention-dropout 0.0 --hidden-dropout 0.0 --weight-decay 0.1 --clip-grad 1.0 --adam-beta1 0.9 --adam-beta2 0.95     --lr 3e-4 --lr-decay-style constant --lr-warmup-iters 10     --seed 42 --init-method-std 0.02     --bf16     --tensor-model-parallel-size 1 --pipeline-model-parallel-size 1 --use-distributed-optimizer --overlap-grad-reduce --overlap-param-gather     --log-throughput --log-progress     --tokenizer-type GPT2BPETokenizer --vocab-file /users/course_00326/scratch/lsaie-ss26-gipfelsturm/data/gpt2-vocab.json --merge-file /users/course_00326/scratch/lsaie-ss26-gipfelsturm/data/gpt2-merges.txt     --data-path /capstor/store/cscs/swissai/infra01/datasets/nvidia/Nemotron-ClimbMix/climbmix_small_megatron/climbmix_small --data-cache-path /iopsstor/scratch/cscs/course_00326/gipfelsturm/cache --split 99,1,0 --num-workers 1     --cuda-graph-impl transformer_engine --cuda-graph-scope attn mlp         --wandb-save-dir /iopsstor/scratch/cscs/course_00326/gipfelsturm/gipfelsturm/throughput-8b-cg-attn-mlp-8b-1n-tp1-pp1-mbs2         --wandb-project gipfelsturm         --wandb-exp-name throughput-8b-cg-attn-mlp-8b-1n-tp1-pp1-mbs2-2128167"
logs/gipfel-throughput-8b-cg-attn-mlp-8b-60s-1n-tp1-pp1-mbs2-2152477.log,2152477,8b,cg-attn-mlp-8b,1,1,1,2,256,4096,10874,10789,504,finished,60,transformer_engine,attn mlp,,,,no,,,bf16,,,"torchrun --nproc-per-node 4 --nnodes 1 --rdzv_endpoint nid006194:25678 --rdzv_backend c10d --max_restarts 0 --tee 3 /users/course_00326/scratch/lsaie-ss26-gipfelsturm/Megatron-LM/pretrain_gpt.py     --transformer-impl transformer_engine --use-precision-aware-optimizer --main-grads-dtype bf16     --num-layers 32 --hidden-size 4096 --ffn-hidden-size 14336 --num-attention-heads 32 --group-query-attention --num-query-groups 8 --max-position-embeddings 4096 --position-embedding-type rope --normalization RMSNorm --swiglu --untie-embeddings-and-output-weights --seq-length 4096     --micro-batch-size 2 --global-batch-size 256 --train-iters 60 --log-interval 1 --eval-interval 60 --eval-iters 0 --cross-entropy-loss-fusion --disable-bias-linear --optimizer adam --dataloader-type single --no-check-for-nan-in-loss-and-grad --manual-gc --manual-gc-interval 50     --attention-dropout 0.0 --hidden-dropout 0.0 --weight-decay 0.1 --clip-grad 1.0 --adam-beta1 0.9 --adam-beta2 0.95     --lr 3e-4 --lr-decay-style constant --lr-warmup-iters 10     --seed 42 --init-method-std 0.02     --bf16     --tensor-model-parallel-size 1 --pipeline-model-parallel-size 1 --use-distributed-optimizer --overlap-grad-reduce --overlap-param-gather     --log-throughput --log-progress --tensorboard-dir /iopsstor/scratch/cscs/course_00326/gipfelsturm/gipfelsturm/throughput-8b-cg-attn-mlp-8b-1n-tp1-pp1-mbs2/tensorboard --log-timers-to-tensorboard --log-memory-to-tensorboard     --tokenizer-type GPT2BPETokenizer --vocab-file /users/course_00326/scratch/lsaie-ss26-gipfelsturm/data/gpt2-vocab.json --merge-file /users/course_00326/scratch/lsaie-ss26-gipfelsturm/data/gpt2-merges.txt     --data-path /capstor/store/cscs/swissai/infra01/datasets/nvidia/Nemotron-ClimbMix/climbmix_small_megatron/climbmix_small --data-cache-path /iopsstor/scratch/cscs/course_00326/gipfelsturm/cache --split 99,1,0 --num-workers 1     --cuda-graph-impl transformer_engine --cuda-graph-scope attn mlp         --wandb-save-dir /iopsstor/scratch/cscs/course_00326/gipfelsturm/gipfelsturm/throughput-8b-cg-attn-mlp-8b-1n-tp1-pp1-mbs2         --wandb-project gipfelsturm         --wandb-exp-name throughput-8b-cg-attn-mlp-8b-1n-tp1-pp1-mbs2-2152477"
logs/gipfel-throughput-8b-cg-fulliter-8b-60s-1n-tp1-pp1-mbs2-2128168.log,2128168,8b,cg-fulliter-8b,1,1,1,2,256,4096,8482,8064,393,finished,60,local,full_iteration,,,,no,,,bf16,,,"torchrun --nproc-per-node 4 --nnodes 1 --rdzv_endpoint nid006134:25678 --rdzv_backend c10d --max_restarts 0 --tee 3 /users/course_00326/scratch/lsaie-ss26-gipfelsturm/Megatron-LM/pretrain_gpt.py     --transformer-impl transformer_engine --use-precision-aware-optimizer --main-grads-dtype bf16     --num-layers 32 --hidden-size 4096 --ffn-hidden-size 14336 --num-attention-heads 32 --group-query-attention --num-query-groups 8 --max-position-embeddings 4096 --position-embedding-type rope --normalization RMSNorm --swiglu --untie-embeddings-and-output-weights --seq-length 4096     --micro-batch-size 2 --global-batch-size 256 --train-iters 60 --log-interval 1 --eval-interval 60 --eval-iters 0 --cross-entropy-loss-fusion --disable-bias-linear --optimizer adam --dataloader-type single --no-check-for-nan-in-loss-and-grad --manual-gc --manual-gc-interval 50     --attention-dropout 0.0 --hidden-dropout 0.0 --weight-decay 0.1 --clip-grad 1.0 --adam-beta1 0.9 --adam-beta2 0.95     --lr 3e-4 --lr-decay-style constant --lr-warmup-iters 10     --seed 42 --init-method-std 0.02     --bf16     --tensor-model-parallel-size 1 --pipeline-model-parallel-size 1 --use-distributed-optimizer --overlap-grad-reduce --overlap-param-gather     --log-throughput --log-progress     --tokenizer-type GPT2BPETokenizer --vocab-file /users/course_00326/scratch/lsaie-ss26-gipfelsturm/data/gpt2-vocab.json --merge-file /users/course_00326/scratch/lsaie-ss26-gipfelsturm/data/gpt2-merges.txt     --data-path /capstor/store/cscs/swissai/infra01/datasets/nvidia/Nemotron-ClimbMix/climbmix_small_megatron/climbmix_small --data-cache-path /iopsstor/scratch/cscs/course_00326/gipfelsturm/cache --split 99,1,0 --num-workers 1     --cuda-graph-impl local --cuda-graph-scope full_iteration         --wandb-save-dir /iopsstor/scratch/cscs/course_00326/gipfelsturm/gipfelsturm/throughput-8b-cg-fulliter-8b-1n-tp1-pp1-mbs2         --wandb-project gipfelsturm         --wandb-exp-name throughput-8b-cg-fulliter-8b-1n-tp1-pp1-mbs2-2128168"
logs/gipfel-throughput-8b-cg-fulliter-8b-60s-1n-tp1-pp1-mbs2-2152478.log,2152478,8b,cg-fulliter-8b,1,1,1,2,256,4096,7757,7376,359,finished,60,local,full_iteration,,,,no,,,bf16,,,"torchrun --nproc-per-node 4 --nnodes 1 --rdzv_endpoint nid006200:25678 --rdzv_backend c10d --max_restarts 0 --tee 3 /users/course_00326/scratch/lsaie-ss26-gipfelsturm/Megatron-LM/pretrain_gpt.py     --transformer-impl transformer_engine --use-precision-aware-optimizer --main-grads-dtype bf16     --num-layers 32 --hidden-size 4096 --ffn-hidden-size 14336 --num-attention-heads 32 --group-query-attention --num-query-groups 8 --max-position-embeddings 4096 --position-embedding-type rope --normalization RMSNorm --swiglu --untie-embeddings-and-output-weights --seq-length 4096     --micro-batch-size 2 --global-batch-size 256 --train-iters 60 --log-interval 1 --eval-interval 60 --eval-iters 0 --cross-entropy-loss-fusion --disable-bias-linear --optimizer adam --dataloader-type single --no-check-for-nan-in-loss-and-grad --manual-gc --manual-gc-interval 50     --attention-dropout 0.0 --hidden-dropout 0.0 --weight-decay 0.1 --clip-grad 1.0 --adam-beta1 0.9 --adam-beta2 0.95     --lr 3e-4 --lr-decay-style constant --lr-warmup-iters 10     --seed 42 --init-method-std 0.02     --bf16     --tensor-model-parallel-size 1 --pipeline-model-parallel-size 1 --use-distributed-optimizer --overlap-grad-reduce --overlap-param-gather     --log-throughput --log-progress --tensorboard-dir /iopsstor/scratch/cscs/course_00326/gipfelsturm/gipfelsturm/throughput-8b-cg-fulliter-8b-1n-tp1-pp1-mbs2/tensorboard --log-timers-to-tensorboard --log-memory-to-tensorboard     --tokenizer-type GPT2BPETokenizer --vocab-file /users/course_00326/scratch/lsaie-ss26-gipfelsturm/data/gpt2-vocab.json --merge-file /users/course_00326/scratch/lsaie-ss26-gipfelsturm/data/gpt2-merges.txt     --data-path /capstor/store/cscs/swissai/infra01/datasets/nvidia/Nemotron-ClimbMix/climbmix_small_megatron/climbmix_small --data-cache-path /iopsstor/scratch/cscs/course_00326/gipfelsturm/cache --split 99,1,0 --num-workers 1     --cuda-graph-impl local --cuda-graph-scope full_iteration         --wandb-save-dir /iopsstor/scratch/cscs/course_00326/gipfelsturm/gipfelsturm/throughput-8b-cg-fulliter-8b-1n-tp1-pp1-mbs2         --wandb-project gipfelsturm         --wandb-exp-name throughput-8b-cg-fulliter-8b-1n-tp1-pp1-mbs2-2152478"
logs/gipfel-throughput-8b-cg-mlp-8b-60s-1n-tp1-pp1-mbs2-2128166.log,2128166,8b,cg-mlp-8b,1,1,1,2,256,4096,10826,10705,502,finished,60,transformer_engine,mlp,,,,no,,,bf16,,,"torchrun --nproc-per-node 4 --nnodes 1 --rdzv_endpoint nid007400:25678 --rdzv_backend c10d --max_restarts 0 --tee 3 /users/course_00326/scratch/lsaie-ss26-gipfelsturm/Megatron-LM/pretrain_gpt.py     --transformer-impl transformer_engine --use-precision-aware-optimizer --main-grads-dtype bf16     --num-layers 32 --hidden-size 4096 --ffn-hidden-size 14336 --num-attention-heads 32 --group-query-attention --num-query-groups 8 --max-position-embeddings 4096 --position-embedding-type rope --normalization RMSNorm --swiglu --untie-embeddings-and-output-weights --seq-length 4096     --micro-batch-size 2 --global-batch-size 256 --train-iters 60 --log-interval 1 --eval-interval 60 --eval-iters 0 --cross-entropy-loss-fusion --disable-bias-linear --optimizer adam --dataloader-type single --no-check-for-nan-in-loss-and-grad --manual-gc --manual-gc-interval 50     --attention-dropout 0.0 --hidden-dropout 0.0 --weight-decay 0.1 --clip-grad 1.0 --adam-beta1 0.9 --adam-beta2 0.95     --lr 3e-4 --lr-decay-style constant --lr-warmup-iters 10     --seed 42 --init-method-std 0.02     --bf16     --tensor-model-parallel-size 1 --pipeline-model-parallel-size 1 --use-distributed-optimizer --overlap-grad-reduce --overlap-param-gather     --log-throughput --log-progress     --tokenizer-type GPT2BPETokenizer --vocab-file /users/course_00326/scratch/lsaie-ss26-gipfelsturm/data/gpt2-vocab.json --merge-file /users/course_00326/scratch/lsaie-ss26-gipfelsturm/data/gpt2-merges.txt     --data-path /capstor/store/cscs/swissai/infra01/datasets/nvidia/Nemotron-ClimbMix/climbmix_small_megatron/climbmix_small --data-cache-path /iopsstor/scratch/cscs/course_00326/gipfelsturm/cache --split 99,1,0 --num-workers 1     --cuda-graph-impl transformer_engine --cuda-graph-scope mlp         --wandb-save-dir /iopsstor/scratch/cscs/course_00326/gipfelsturm/gipfelsturm/throughput-8b-cg-mlp-8b-1n-tp1-pp1-mbs2         --wandb-project gipfelsturm         --wandb-exp-name throughput-8b-cg-mlp-8b-1n-tp1-pp1-mbs2-2128166"
logs/gipfel-throughput-8b-cg-mlp-8b-60s-1n-tp1-pp1-mbs2-2152476.log,2152476,8b,cg-mlp-8b,1,1,1,2,256,4096,11151,10990,517,finished,60,transformer_engine,mlp,,,,no,,,bf16,,,"torchrun --nproc-per-node 4 --nnodes 1 --rdzv_endpoint nid006180:25678 --rdzv_backend c10d --max_restarts 0 --tee 3 /users/course_00326/scratch/lsaie-ss26-gipfelsturm/Megatron-LM/pretrain_gpt.py     --transformer-impl transformer_engine --use-precision-aware-optimizer --main-grads-dtype bf16     --num-layers 32 --hidden-size 4096 --ffn-hidden-size 14336 --num-attention-heads 32 --group-query-attention --num-query-groups 8 --max-position-embeddings 4096 --position-embedding-type rope --normalization RMSNorm --swiglu --untie-embeddings-and-output-weights --seq-length 4096     --micro-batch-size 2 --global-batch-size 256 --train-iters 60 --log-interval 1 --eval-interval 60 --eval-iters 0 --cross-entropy-loss-fusion --disable-bias-linear --optimizer adam --dataloader-type single --no-check-for-nan-in-loss-and-grad --manual-gc --manual-gc-interval 50     --attention-dropout 0.0 --hidden-dropout 0.0 --weight-decay 0.1 --clip-grad 1.0 --adam-beta1 0.9 --adam-beta2 0.95     --lr 3e-4 --lr-decay-style constant --lr-warmup-iters 10     --seed 42 --init-method-std 0.02     --bf16     --tensor-model-parallel-size 1 --pipeline-model-parallel-size 1 --use-distributed-optimizer --overlap-grad-reduce --overlap-param-gather     --log-throughput --log-progress --tensorboard-dir /iopsstor/scratch/cscs/course_00326/gipfelsturm/gipfelsturm/throughput-8b-cg-mlp-8b-1n-tp1-pp1-mbs2/tensorboard --log-timers-to-tensorboard --log-memory-to-tensorboard     --tokenizer-type GPT2BPETokenizer --vocab-file /users/course_00326/scratch/lsaie-ss26-gipfelsturm/data/gpt2-vocab.json --merge-file /users/course_00326/scratch/lsaie-ss26-gipfelsturm/data/gpt2-merges.txt     --data-path /capstor/store/cscs/swissai/infra01/datasets/nvidia/Nemotron-ClimbMix/climbmix_small_megatron/climbmix_small --data-cache-path /iopsstor/scratch/cscs/course_00326/gipfelsturm/cache --split 99,1,0 --num-workers 1     --cuda-graph-impl transformer_engine --cuda-graph-scope mlp         --wandb-save-dir /iopsstor/scratch/cscs/course_00326/gipfelsturm/gipfelsturm/throughput-8b-cg-mlp-8b-1n-tp1-pp1-mbs2         --wandb-project gipfelsturm         --wandb-exp-name throughput-8b-cg-mlp-8b-1n-tp1-pp1-mbs2-2152476"
logs/gipfel-throughput-8b-cg-te-full-layer-8b-100s-1n-tp1-pp1-mbs2-2178382.log,2178382,8b,cg-te-full-layer-8b,1,1,1,2,256,4096,10891,10825,505,has_metrics,100,transformer_engine,,,,,no,,,bf16,,,"torchrun --nproc-per-node 4 --nnodes 1 --rdzv_endpoint nid006090:25678 --rdzv_backend c10d --max_restarts 0 --tee 3 /users/course_00326/scratch/lsaie-ss26-gipfelsturm/Megatron-LM/pretrain_gpt.py     --transformer-impl transformer_engine --use-precision-aware-optimizer --main-grads-dtype bf16     --num-layers 32 --hidden-size 4096 --ffn-hidden-size 14336 --num-attention-heads 32 --group-query-attention --num-query-groups 8 --max-position-embeddings 4096 --position-embedding-type rope --normalization RMSNorm --swiglu --untie-embeddings-and-output-weights --seq-length 4096     --micro-batch-size 2 --global-batch-size 256 --train-iters 100 --log-interval 1 --eval-interval 100 --eval-iters 0 --cross-entropy-loss-fusion --disable-bias-linear --optimizer adam --dataloader-type single --no-check-for-nan-in-loss-and-grad --manual-gc --manual-gc-interval 50     --attention-dropout 0.0 --hidden-dropout 0.0 --weight-decay 0.1 --clip-grad 1.0 --adam-beta1 0.9 --adam-beta2 0.95     --lr 3e-4 --lr-decay-style constant --lr-warmup-iters 10     --seed 42 --init-method-std 0.02     --bf16     --tensor-model-parallel-size 1 --pipeline-model-parallel-size 1 --use-distributed-optimizer --overlap-grad-reduce --overlap-param-gather     --log-throughput --log-progress --tensorboard-dir /iopsstor/scratch/cscs/course_00326/gipfelsturm/gipfelsturm/throughput-8b-cg-te-full-layer-8b-1n-tp1-pp1-mbs2/tensorboard --log-timers-to-tensorboard --log-memory-to-tensorboard     --tokenizer-type GPT2BPETokenizer --vocab-file /users/course_00326/scratch/lsaie-ss26-gipfelsturm/data/gpt2-vocab.json --merge-file /users/course_00326/scratch/lsaie-ss26-gipfelsturm/data/gpt2-merges.txt     --data-path /capstor/store/cscs/swissai/infra01/datasets/nvidia/Nemotron-ClimbMix/climbmix_small_megatron/climbmix_small --data-cache-path /iopsstor/scratch/cscs/course_00326/gipfelsturm/cache --split 99,1,0 --num-workers 1     --cuda-graph-impl transformer_engine         --wandb-save-dir /iopsstor/scratch/cscs/course_00326/gipfelsturm/gipfelsturm/throughput-8b-cg-te-full-layer-8b-1n-tp1-pp1-mbs2         --wandb-project gipfelsturm         --wandb-exp-name throughput-8b-cg-te-full-layer-8b-1n-tp1-pp1-mbs2-2178382"
logs/gipfel-throughput-8b-cg-te-full-layer-8b-100s-1n-tp1-pp1-mbs2-2179171.log,2179171,8b,cg-te-full-layer-8b,1,1,1,2,256,4096,10991,10917,509,has_metrics,100,transformer_engine,,,,,no,,,bf16,,,"torchrun --nproc-per-node 4 --nnodes 1 --rdzv_endpoint nid007631:25678 --rdzv_backend c10d --max_restarts 0 --tee 3 /users/course_00326/scratch/lsaie-ss26-gipfelsturm/Megatron-LM/pretrain_gpt.py     --transformer-impl transformer_engine --use-precision-aware-optimizer --main-grads-dtype bf16     --num-layers 32 --hidden-size 4096 --ffn-hidden-size 14336 --num-attention-heads 32 --group-query-attention --num-query-groups 8 --max-position-embeddings 4096 --position-embedding-type rope --normalization RMSNorm --swiglu --untie-embeddings-and-output-weights --seq-length 4096     --micro-batch-size 2 --global-batch-size 256 --train-iters 100 --log-interval 1 --eval-interval 100 --eval-iters 0 --cross-entropy-loss-fusion --disable-bias-linear --optimizer adam --dataloader-type single --no-check-for-nan-in-loss-and-grad --manual-gc --manual-gc-interval 50     --attention-dropout 0.0 --hidden-dropout 0.0 --weight-decay 0.1 --clip-grad 1.0 --adam-beta1 0.9 --adam-beta2 0.95     --lr 3e-4 --lr-decay-style constant --lr-warmup-iters 10     --seed 42 --init-method-std 0.02     --bf16     --tensor-model-parallel-size 1 --pipeline-model-parallel-size 1 --use-distributed-optimizer --overlap-grad-reduce --overlap-param-gather     --log-throughput --log-progress --tensorboard-dir /iopsstor/scratch/cscs/course_00326/gipfelsturm/gipfelsturm/throughput-8b-cg-te-full-layer-8b-1n-tp1-pp1-mbs2/tensorboard --log-timers-to-tensorboard --log-memory-to-tensorboard     --tokenizer-type GPT2BPETokenizer --vocab-file /users/course_00326/scratch/lsaie-ss26-gipfelsturm/data/gpt2-vocab.json --merge-file /users/course_00326/scratch/lsaie-ss26-gipfelsturm/data/gpt2-merges.txt     --data-path /capstor/store/cscs/swissai/infra01/datasets/nvidia/Nemotron-ClimbMix/climbmix_small_megatron/climbmix_small --data-cache-path /iopsstor/scratch/cscs/course_00326/gipfelsturm/cache --split 99,1,0 --num-workers 1     --cuda-graph-impl transformer_engine         --wandb-save-dir /iopsstor/scratch/cscs/course_00326/gipfelsturm/gipfelsturm/throughput-8b-cg-te-full-layer-8b-1n-tp1-pp1-mbs2         --wandb-project gipfelsturm         --wandb-exp-name throughput-8b-cg-te-full-layer-8b-1n-tp1-pp1-mbs2-2179171"
logs/gipfel-throughput-8b-mbs1-8b-60s-1n-tp1-pp1-mbs1-2152484.log,2152484,8b,mbs1-8b,1,1,1,1,256,4096,10950,10656,507,finished,60,,,,,,no,,,bf16,,,"torchrun --nproc-per-node 4 --nnodes 1 --rdzv_endpoint nid007359:25678 --rdzv_backend c10d --max_restarts 0 --tee 3 /users/course_00326/scratch/lsaie-ss26-gipfelsturm/Megatron-LM/pretrain_gpt.py     --transformer-impl transformer_engine --use-precision-aware-optimizer --main-grads-dtype bf16     --num-layers 32 --hidden-size 4096 --ffn-hidden-size 14336 --num-attention-heads 32 --group-query-attention --num-query-groups 8 --max-position-embeddings 4096 --position-embedding-type rope --normalization RMSNorm --swiglu --untie-embeddings-and-output-weights --seq-length 4096     --micro-batch-size 1 --global-batch-size 256 --train-iters 60 --log-interval 1 --eval-interval 60 --eval-iters 0 --cross-entropy-loss-fusion --disable-bias-linear --optimizer adam --dataloader-type single --no-check-for-nan-in-loss-and-grad --manual-gc --manual-gc-interval 50     --attention-dropout 0.0 --hidden-dropout 0.0 --weight-decay 0.1 --clip-grad 1.0 --adam-beta1 0.9 --adam-beta2 0.95     --lr 3e-4 --lr-decay-style constant --lr-warmup-iters 10     --seed 42 --init-method-std 0.02     --bf16     --tensor-model-parallel-size 1 --pipeline-model-parallel-size 1 --use-distributed-optimizer --overlap-grad-reduce --overlap-param-gather     --log-throughput --log-progress --tensorboard-dir /iopsstor/scratch/cscs/course_00326/gipfelsturm/gipfelsturm/throughput-8b-mbs1-8b-1n-tp1-pp1-mbs1/tensorboard --log-timers-to-tensorboard --log-memory-to-tensorboard     --tokenizer-type GPT2BPETokenizer --vocab-file /users/course_00326/scratch/lsaie-ss26-gipfelsturm/data/gpt2-vocab.json --merge-file /users/course_00326/scratch/lsaie-ss26-gipfelsturm/data/gpt2-merges.txt     --data-path /capstor/store/cscs/swissai/infra01/datasets/nvidia/Nemotron-ClimbMix/climbmix_small_megatron/climbmix_small --data-cache-path /iopsstor/scratch/cscs/course_00326/gipfelsturm/cache --split 99,1,0 --num-workers 1              --wandb-save-dir /iopsstor/scratch/cscs/course_00326/gipfelsturm/gipfelsturm/throughput-8b-mbs1-8b-1n-tp1-pp1-mbs1         --wandb-project gipfelsturm         --wandb-exp-name throughput-8b-mbs1-8b-1n-tp1-pp1-mbs1-2152484"
logs/gipfel-throughput-8b-mbs2-8b-60s-1n-tp1-pp1-mbs2-2152485.log,2152485,8b,mbs2-8b,1,1,1,2,256,4096,11110,10938,515,finished,60,,,,,,no,,,bf16,,,"torchrun --nproc-per-node 4 --nnodes 1 --rdzv_endpoint nid006160:25678 --rdzv_backend c10d --max_restarts 0 --tee 3 /users/course_00326/scratch/lsaie-ss26-gipfelsturm/Megatron-LM/pretrain_gpt.py     --transformer-impl transformer_engine --use-precision-aware-optimizer --main-grads-dtype bf16     --num-layers 32 --hidden-size 4096 --ffn-hidden-size 14336 --num-attention-heads 32 --group-query-attention --num-query-groups 8 --max-position-embeddings 4096 --position-embedding-type rope --normalization RMSNorm --swiglu --untie-embeddings-and-output-weights --seq-length 4096     --micro-batch-size 2 --global-batch-size 256 --train-iters 60 --log-interval 1 --eval-interval 60 --eval-iters 0 --cross-entropy-loss-fusion --disable-bias-linear --optimizer adam --dataloader-type single --no-check-for-nan-in-loss-and-grad --manual-gc --manual-gc-interval 50     --attention-dropout 0.0 --hidden-dropout 0.0 --weight-decay 0.1 --clip-grad 1.0 --adam-beta1 0.9 --adam-beta2 0.95     --lr 3e-4 --lr-decay-style constant --lr-warmup-iters 10     --seed 42 --init-method-std 0.02     --bf16     --tensor-model-parallel-size 1 --pipeline-model-parallel-size 1 --use-distributed-optimizer --overlap-grad-reduce --overlap-param-gather     --log-throughput --log-progress --tensorboard-dir /iopsstor/scratch/cscs/course_00326/gipfelsturm/gipfelsturm/throughput-8b-mbs2-8b-1n-tp1-pp1-mbs2/tensorboard --log-timers-to-tensorboard --log-memory-to-tensorboard     --tokenizer-type GPT2BPETokenizer --vocab-file /users/course_00326/scratch/lsaie-ss26-gipfelsturm/data/gpt2-vocab.json --merge-file /users/course_00326/scratch/lsaie-ss26-gipfelsturm/data/gpt2-merges.txt     --data-path /capstor/store/cscs/swissai/infra01/datasets/nvidia/Nemotron-ClimbMix/climbmix_small_megatron/climbmix_small --data-cache-path /iopsstor/scratch/cscs/course_00326/gipfelsturm/cache --split 99,1,0 --num-workers 1              --wandb-save-dir /iopsstor/scratch/cscs/course_00326/gipfelsturm/gipfelsturm/throughput-8b-mbs2-8b-1n-tp1-pp1-mbs2         --wandb-project gipfelsturm         --wandb-exp-name throughput-8b-mbs2-8b-1n-tp1-pp1-mbs2-2152485"
logs/gipfel-throughput-8b-mbs3-8b-60s-1n-tp1-pp1-mbs3-2152486.log,2152486,8b,mbs3-8b,1,1,1,3,256,4096,,,,failed,60,,,,,,no,,,bf16,,,"torchrun --nproc-per-node 4 --nnodes 1 --rdzv_endpoint nid007142:25678 --rdzv_backend c10d --max_restarts 0 --tee 3 /users/course_00326/scratch/lsaie-ss26-gipfelsturm/Megatron-LM/pretrain_gpt.py     --transformer-impl transformer_engine --use-precision-aware-optimizer --main-grads-dtype bf16     --num-layers 32 --hidden-size 4096 --ffn-hidden-size 14336 --num-attention-heads 32 --group-query-attention --num-query-groups 8 --max-position-embeddings 4096 --position-embedding-type rope --normalization RMSNorm --swiglu --untie-embeddings-and-output-weights --seq-length 4096     --micro-batch-size 3 --global-batch-size 256 --train-iters 60 --log-interval 1 --eval-interval 60 --eval-iters 0 --cross-entropy-loss-fusion --disable-bias-linear --optimizer adam --dataloader-type single --no-check-for-nan-in-loss-and-grad --manual-gc --manual-gc-interval 50     --attention-dropout 0.0 --hidden-dropout 0.0 --weight-decay 0.1 --clip-grad 1.0 --adam-beta1 0.9 --adam-beta2 0.95     --lr 3e-4 --lr-decay-style constant --lr-warmup-iters 10     --seed 42 --init-method-std 0.02     --bf16     --tensor-model-parallel-size 1 --pipeline-model-parallel-size 1 --use-distributed-optimizer --overlap-grad-reduce --overlap-param-gather     --log-throughput --log-progress --tensorboard-dir /iopsstor/scratch/cscs/course_00326/gipfelsturm/gipfelsturm/throughput-8b-mbs3-8b-1n-tp1-pp1-mbs3/tensorboard --log-timers-to-tensorboard --log-memory-to-tensorboard     --tokenizer-type GPT2BPETokenizer --vocab-file /users/course_00326/scratch/lsaie-ss26-gipfelsturm/data/gpt2-vocab.json --merge-file /users/course_00326/scratch/lsaie-ss26-gipfelsturm/data/gpt2-merges.txt     --data-path /capstor/store/cscs/swissai/infra01/datasets/nvidia/Nemotron-ClimbMix/climbmix_small_megatron/climbmix_small --data-cache-path /iopsstor/scratch/cscs/course_00326/gipfelsturm/cache --split 99,1,0 --num-workers 1              --wandb-save-dir /iopsstor/scratch/cscs/course_00326/gipfelsturm/gipfelsturm/throughput-8b-mbs3-8b-1n-tp1-pp1-mbs3         --wandb-project gipfelsturm         --wandb-exp-name throughput-8b-mbs3-8b-1n-tp1-pp1-mbs3-2152486"
logs/gipfel-throughput-8b-mbs4-8b-60s-1n-tp1-pp1-mbs4-2152487.log,2152487,8b,mbs4-8b,1,1,1,4,256,4096,,,,oom,60,,,,,,no,,,bf16,,,"torchrun --nproc-per-node 4 --nnodes 1 --rdzv_endpoint nid007192:25678 --rdzv_backend c10d --max_restarts 0 --tee 3 /users/course_00326/scratch/lsaie-ss26-gipfelsturm/Megatron-LM/pretrain_gpt.py     --transformer-impl transformer_engine --use-precision-aware-optimizer --main-grads-dtype bf16     --num-layers 32 --hidden-size 4096 --ffn-hidden-size 14336 --num-attention-heads 32 --group-query-attention --num-query-groups 8 --max-position-embeddings 4096 --position-embedding-type rope --normalization RMSNorm --swiglu --untie-embeddings-and-output-weights --seq-length 4096     --micro-batch-size 4 --global-batch-size 256 --train-iters 60 --log-interval 1 --eval-interval 60 --eval-iters 0 --cross-entropy-loss-fusion --disable-bias-linear --optimizer adam --dataloader-type single --no-check-for-nan-in-loss-and-grad --manual-gc --manual-gc-interval 50     --attention-dropout 0.0 --hidden-dropout 0.0 --weight-decay 0.1 --clip-grad 1.0 --adam-beta1 0.9 --adam-beta2 0.95     --lr 3e-4 --lr-decay-style constant --lr-warmup-iters 10     --seed 42 --init-method-std 0.02     --bf16     --tensor-model-parallel-size 1 --pipeline-model-parallel-size 1 --use-distributed-optimizer --overlap-grad-reduce --overlap-param-gather     --log-throughput --log-progress --tensorboard-dir /iopsstor/scratch/cscs/course_00326/gipfelsturm/gipfelsturm/throughput-8b-mbs4-8b-1n-tp1-pp1-mbs4/tensorboard --log-timers-to-tensorboard --log-memory-to-tensorboard     --tokenizer-type GPT2BPETokenizer --vocab-file /users/course_00326/scratch/lsaie-ss26-gipfelsturm/data/gpt2-vocab.json --merge-file /users/course_00326/scratch/lsaie-ss26-gipfelsturm/data/gpt2-merges.txt     --data-path /capstor/store/cscs/swissai/infra01/datasets/nvidia/Nemotron-ClimbMix/climbmix_small_megatron/climbmix_small --data-cache-path /iopsstor/scratch/cscs/course_00326/gipfelsturm/cache --split 99,1,0 --num-workers 1              --wandb-save-dir /iopsstor/scratch/cscs/course_00326/gipfelsturm/gipfelsturm/throughput-8b-mbs4-8b-1n-tp1-pp1-mbs4         --wandb-project gipfelsturm         --wandb-exp-name throughput-8b-mbs4-8b-1n-tp1-pp1-mbs4-2152487"
logs/gipfel-throughput-8b-repeat-baseline-8b-60s-1n-tp1-pp1-mbs2-2152472.log,2152472,8b,repeat-baseline-8b,1,1,1,2,256,4096,10943,10784,507,finished,60,,,,,,no,,,bf16,,,"torchrun --nproc-per-node 4 --nnodes 1 --rdzv_endpoint nid006791:25678 --rdzv_backend c10d --max_restarts 0 --tee 3 /users/course_00326/scratch/lsaie-ss26-gipfelsturm/Megatron-LM/pretrain_gpt.py     --transformer-impl transformer_engine --use-precision-aware-optimizer --main-grads-dtype bf16     --num-layers 32 --hidden-size 4096 --ffn-hidden-size 14336 --num-attention-heads 32 --group-query-attention --num-query-groups 8 --max-position-embeddings 4096 --position-embedding-type rope --normalization RMSNorm --swiglu --untie-embeddings-and-output-weights --seq-length 4096     --micro-batch-size 2 --global-batch-size 256 --train-iters 60 --log-interval 1 --eval-interval 60 --eval-iters 0 --cross-entropy-loss-fusion --disable-bias-linear --optimizer adam --dataloader-type single --no-check-for-nan-in-loss-and-grad --manual-gc --manual-gc-interval 50     --attention-dropout 0.0 --hidden-dropout 0.0 --weight-decay 0.1 --clip-grad 1.0 --adam-beta1 0.9 --adam-beta2 0.95     --lr 3e-4 --lr-decay-style constant --lr-warmup-iters 10     --seed 42 --init-method-std 0.02     --bf16     --tensor-model-parallel-size 1 --pipeline-model-parallel-size 1 --use-distributed-optimizer --overlap-grad-reduce --overlap-param-gather     --log-throughput --log-progress --tensorboard-dir /iopsstor/scratch/cscs/course_00326/gipfelsturm/gipfelsturm/throughput-8b-repeat-baseline-8b-1n-tp1-pp1-mbs2/tensorboard --log-timers-to-tensorboard --log-memory-to-tensorboard     --tokenizer-type GPT2BPETokenizer --vocab-file /users/course_00326/scratch/lsaie-ss26-gipfelsturm/data/gpt2-vocab.json --merge-file /users/course_00326/scratch/lsaie-ss26-gipfelsturm/data/gpt2-merges.txt     --data-path /capstor/store/cscs/swissai/infra01/datasets/nvidia/Nemotron-ClimbMix/climbmix_small_megatron/climbmix_small --data-cache-path /iopsstor/scratch/cscs/course_00326/gipfelsturm/cache --split 99,1,0 --num-workers 1              --wandb-save-dir /iopsstor/scratch/cscs/course_00326/gipfelsturm/gipfelsturm/throughput-8b-repeat-baseline-8b-1n-tp1-pp1-mbs2         --wandb-project gipfelsturm         --wandb-exp-name throughput-8b-repeat-baseline-8b-1n-tp1-pp1-mbs2-2152472"
logs/gipfel-throughput-8b-repeat-baseline-8b-60s-1n-tp1-pp1-mbs2-2152482.log,2152482,8b,repeat-baseline-8b,1,1,1,2,256,4096,11141,10973,516,finished,60,,,,,,no,,,bf16,,,"torchrun --nproc-per-node 4 --nnodes 1 --rdzv_endpoint nid006224:25678 --rdzv_backend c10d --max_restarts 0 --tee 3 /users/course_00326/scratch/lsaie-ss26-gipfelsturm/Megatron-LM/pretrain_gpt.py     --transformer-impl transformer_engine --use-precision-aware-optimizer --main-grads-dtype bf16     --num-layers 32 --hidden-size 4096 --ffn-hidden-size 14336 --num-attention-heads 32 --group-query-attention --num-query-groups 8 --max-position-embeddings 4096 --position-embedding-type rope --normalization RMSNorm --swiglu --untie-embeddings-and-output-weights --seq-length 4096     --micro-batch-size 2 --global-batch-size 256 --train-iters 60 --log-interval 1 --eval-interval 60 --eval-iters 0 --cross-entropy-loss-fusion --disable-bias-linear --optimizer adam --dataloader-type single --no-check-for-nan-in-loss-and-grad --manual-gc --manual-gc-interval 50     --attention-dropout 0.0 --hidden-dropout 0.0 --weight-decay 0.1 --clip-grad 1.0 --adam-beta1 0.9 --adam-beta2 0.95     --lr 3e-4 --lr-decay-style constant --lr-warmup-iters 10     --seed 42 --init-method-std 0.02     --bf16     --tensor-model-parallel-size 1 --pipeline-model-parallel-size 1 --use-distributed-optimizer --overlap-grad-reduce --overlap-param-gather     --log-throughput --log-progress --tensorboard-dir /iopsstor/scratch/cscs/course_00326/gipfelsturm/gipfelsturm/throughput-8b-repeat-baseline-8b-1n-tp1-pp1-mbs2/tensorboard --log-timers-to-tensorboard --log-memory-to-tensorboard     --tokenizer-type GPT2BPETokenizer --vocab-file /users/course_00326/scratch/lsaie-ss26-gipfelsturm/data/gpt2-vocab.json --merge-file /users/course_00326/scratch/lsaie-ss26-gipfelsturm/data/gpt2-merges.txt     --data-path /capstor/store/cscs/swissai/infra01/datasets/nvidia/Nemotron-ClimbMix/climbmix_small_megatron/climbmix_small --data-cache-path /iopsstor/scratch/cscs/course_00326/gipfelsturm/cache --split 99,1,0 --num-workers 1              --wandb-save-dir /iopsstor/scratch/cscs/course_00326/gipfelsturm/gipfelsturm/throughput-8b-repeat-baseline-8b-1n-tp1-pp1-mbs2         --wandb-project gipfelsturm         --wandb-exp-name throughput-8b-repeat-baseline-8b-1n-tp1-pp1-mbs2-2152482"
logs/gipfel-throughput-8b-repeat-cg-attn-8b-60s-1n-tp1-pp1-mbs2-2152473.log,2152473,8b,repeat-cg-attn-8b,1,1,1,2,256,4096,10998,10801,510,finished,60,transformer_engine,attn,,,,no,,,bf16,,,"torchrun --nproc-per-node 4 --nnodes 1 --rdzv_endpoint nid006140:25678 --rdzv_backend c10d --max_restarts 0 --tee 3 /users/course_00326/scratch/lsaie-ss26-gipfelsturm/Megatron-LM/pretrain_gpt.py     --transformer-impl transformer_engine --use-precision-aware-optimizer --main-grads-dtype bf16     --num-layers 32 --hidden-size 4096 --ffn-hidden-size 14336 --num-attention-heads 32 --group-query-attention --num-query-groups 8 --max-position-embeddings 4096 --position-embedding-type rope --normalization RMSNorm --swiglu --untie-embeddings-and-output-weights --seq-length 4096     --micro-batch-size 2 --global-batch-size 256 --train-iters 60 --log-interval 1 --eval-interval 60 --eval-iters 0 --cross-entropy-loss-fusion --disable-bias-linear --optimizer adam --dataloader-type single --no-check-for-nan-in-loss-and-grad --manual-gc --manual-gc-interval 50     --attention-dropout 0.0 --hidden-dropout 0.0 --weight-decay 0.1 --clip-grad 1.0 --adam-beta1 0.9 --adam-beta2 0.95     --lr 3e-4 --lr-decay-style constant --lr-warmup-iters 10     --seed 42 --init-method-std 0.02     --bf16     --tensor-model-parallel-size 1 --pipeline-model-parallel-size 1 --use-distributed-optimizer --overlap-grad-reduce --overlap-param-gather     --log-throughput --log-progress --tensorboard-dir /iopsstor/scratch/cscs/course_00326/gipfelsturm/gipfelsturm/throughput-8b-repeat-cg-attn-8b-1n-tp1-pp1-mbs2/tensorboard --log-timers-to-tensorboard --log-memory-to-tensorboard     --tokenizer-type GPT2BPETokenizer --vocab-file /users/course_00326/scratch/lsaie-ss26-gipfelsturm/data/gpt2-vocab.json --merge-file /users/course_00326/scratch/lsaie-ss26-gipfelsturm/data/gpt2-merges.txt     --data-path /capstor/store/cscs/swissai/infra01/datasets/nvidia/Nemotron-ClimbMix/climbmix_small_megatron/climbmix_small --data-cache-path /iopsstor/scratch/cscs/course_00326/gipfelsturm/cache --split 99,1,0 --num-workers 1     --cuda-graph-impl transformer_engine --cuda-graph-scope attn         --wandb-save-dir /iopsstor/scratch/cscs/course_00326/gipfelsturm/gipfelsturm/throughput-8b-repeat-cg-attn-8b-1n-tp1-pp1-mbs2         --wandb-project gipfelsturm         --wandb-exp-name throughput-8b-repeat-cg-attn-8b-1n-tp1-pp1-mbs2-2152473"
logs/gipfel-throughput-8b-repeat-cg-attn-8b-60s-1n-tp1-pp1-mbs2-2152483.log,2152483,8b,repeat-cg-attn-8b,1,1,1,2,256,4096,10759,10560,498,finished,60,transformer_engine,attn,,,,no,,,bf16,,,"torchrun --nproc-per-node 4 --nnodes 1 --rdzv_endpoint nid007358:25678 --rdzv_backend c10d --max_restarts 0 --tee 3 /users/course_00326/scratch/lsaie-ss26-gipfelsturm/Megatron-LM/pretrain_gpt.py     --transformer-impl transformer_engine --use-precision-aware-optimizer --main-grads-dtype bf16     --num-layers 32 --hidden-size 4096 --ffn-hidden-size 14336 --num-attention-heads 32 --group-query-attention --num-query-groups 8 --max-position-embeddings 4096 --position-embedding-type rope --normalization RMSNorm --swiglu --untie-embeddings-and-output-weights --seq-length 4096     --micro-batch-size 2 --global-batch-size 256 --train-iters 60 --log-interval 1 --eval-interval 60 --eval-iters 0 --cross-entropy-loss-fusion --disable-bias-linear --optimizer adam --dataloader-type single --no-check-for-nan-in-loss-and-grad --manual-gc --manual-gc-interval 50     --attention-dropout 0.0 --hidden-dropout 0.0 --weight-decay 0.1 --clip-grad 1.0 --adam-beta1 0.9 --adam-beta2 0.95     --lr 3e-4 --lr-decay-style constant --lr-warmup-iters 10     --seed 42 --init-method-std 0.02     --bf16     --tensor-model-parallel-size 1 --pipeline-model-parallel-size 1 --use-distributed-optimizer --overlap-grad-reduce --overlap-param-gather     --log-throughput --log-progress --tensorboard-dir /iopsstor/scratch/cscs/course_00326/gipfelsturm/gipfelsturm/throughput-8b-repeat-cg-attn-8b-1n-tp1-pp1-mbs2/tensorboard --log-timers-to-tensorboard --log-memory-to-tensorboard     --tokenizer-type GPT2BPETokenizer --vocab-file /users/course_00326/scratch/lsaie-ss26-gipfelsturm/data/gpt2-vocab.json --merge-file /users/course_00326/scratch/lsaie-ss26-gipfelsturm/data/gpt2-merges.txt     --data-path /capstor/store/cscs/swissai/infra01/datasets/nvidia/Nemotron-ClimbMix/climbmix_small_megatron/climbmix_small --data-cache-path /iopsstor/scratch/cscs/course_00326/gipfelsturm/cache --split 99,1,0 --num-workers 1     --cuda-graph-impl transformer_engine --cuda-graph-scope attn         --wandb-save-dir /iopsstor/scratch/cscs/course_00326/gipfelsturm/gipfelsturm/throughput-8b-repeat-cg-attn-8b-1n-tp1-pp1-mbs2         --wandb-project gipfelsturm         --wandb-exp-name throughput-8b-repeat-cg-attn-8b-1n-tp1-pp1-mbs2-2152483"
logs/gipfel-throughput-8b-tier-8b-tp1pp1-60s-1n-tp1-pp1-mbs2-2152496.log,2152496,8b,tier-8b-tp1pp1,1,1,1,2,256,4096,10910,10675,506,finished,60,,,,,,no,,,bf16,,,"torchrun --nproc-per-node 4 --nnodes 1 --rdzv_endpoint nid006153:25678 --rdzv_backend c10d --max_restarts 0 --tee 3 /users/course_00326/scratch/lsaie-ss26-gipfelsturm/Megatron-LM/pretrain_gpt.py     --transformer-impl transformer_engine --use-precision-aware-optimizer --main-grads-dtype bf16     --num-layers 32 --hidden-size 4096 --ffn-hidden-size 14336 --num-attention-heads 32 --group-query-attention --num-query-groups 8 --max-position-embeddings 4096 --position-embedding-type rope --normalization RMSNorm --swiglu --untie-embeddings-and-output-weights --seq-length 4096     --micro-batch-size 2 --global-batch-size 256 --train-iters 60 --log-interval 1 --eval-interval 60 --eval-iters 0 --cross-entropy-loss-fusion --disable-bias-linear --optimizer adam --dataloader-type single --no-check-for-nan-in-loss-and-grad --manual-gc --manual-gc-interval 50     --attention-dropout 0.0 --hidden-dropout 0.0 --weight-decay 0.1 --clip-grad 1.0 --adam-beta1 0.9 --adam-beta2 0.95     --lr 3e-4 --lr-decay-style constant --lr-warmup-iters 10     --seed 42 --init-method-std 0.02     --bf16     --tensor-model-parallel-size 1 --pipeline-model-parallel-size 1 --use-distributed-optimizer --overlap-grad-reduce --overlap-param-gather     --log-throughput --log-progress --tensorboard-dir /iopsstor/scratch/cscs/course_00326/gipfelsturm/gipfelsturm/throughput-8b-tier-8b-tp1pp1-1n-tp1-pp1-mbs2/tensorboard --log-timers-to-tensorboard --log-memory-to-tensorboard     --tokenizer-type GPT2BPETokenizer --vocab-file /users/course_00326/scratch/lsaie-ss26-gipfelsturm/data/gpt2-vocab.json --merge-file /users/course_00326/scratch/lsaie-ss26-gipfelsturm/data/gpt2-merges.txt     --data-path /capstor/store/cscs/swissai/infra01/datasets/nvidia/Nemotron-ClimbMix/climbmix_small_megatron/climbmix_small --data-cache-path /iopsstor/scratch/cscs/course_00326/gipfelsturm/cache --split 99,1,0 --num-workers 1              --wandb-save-dir /iopsstor/scratch/cscs/course_00326/gipfelsturm/gipfelsturm/throughput-8b-tier-8b-tp1pp1-1n-tp1-pp1-mbs2         --wandb-project gipfelsturm         --wandb-exp-name throughput-8b-tier-8b-tp1pp1-1n-tp1-pp1-mbs2-2152496"
